{
  "type": "FeatureCollection",
  "features": [
    {
      "type": "Feature",
      "properties": {
        "route_id": "trail_gongen",
        "name": "権現平往復トレイル",
        "category": "surrounding_trail",
        "difficulty": "intermediate",
        "difficultyRating": 2,
        "crowdWeekday": 1,
        "crowdWeekend": 2,
        "distanceKm": 11,
        "durationMin": 220,
        "color": "#38BDF8",
        "sourceAttribution": "出典: 高尾マナーズ (https://takao-trail-manners.jp)",
        "features": [
          "高尾マナーズ推奨",
          "権現平展望",
          "静かな尾根道",
          "トレラン好適"
        ],
        "description": "南高尾山稜の権現平を往復する自然豊かなトレイル。適度な起伏と静寂が魅力のコース。"
      },
      "geometry": {
        "type": "LineString",
        "coordinates": [
          [
            139.270234,
            35.632336
          ],
          [
            139.270106,
            35.632182
          ],
          [
            139.270003,
            35.631987
          ],
          [
            139.269862,
            35.63184
          ],
          [
            139.269939,
            35.631658
          ],
          [
            139.269837,
            35.631555
          ],
          [
            139.269811,
            35.631504
          ],
          [
            139.269773,
            35.631459
          ],
          [
            139.269747,
            35.631392
          ],
          [
            139.269696,
            35.631338
          ],
          [
            139.269683,
            35.631286
          ],
          [
            139.26967,
            35.631238
          ],
          [
            139.269632,
            35.631091
          ],
          [
            139.269619,
            35.631005
          ],
          [
            139.26985,
            35.631082
          ],
          [
            139.27008,
            35.631149
          ],
          [
            139.27031,
            35.631072
          ],
          [
            139.270285,
            35.631072
          ],
          [
            139.270144,
            35.631219
          ],
          [
            139.270285,
            35.631046
          ],
          [
            139.270464,
            35.630906
          ],
          [
            139.270554,
            35.630733
          ],
          [
            139.270618,
            35.630563
          ],
          [
            139.270707,
            35.630394
          ],
          [
            139.270938,
            35.630352
          ],
          [
            139.27113,
            35.630269
          ],
          [
            139.271334,
            35.630218
          ],
          [
            139.271488,
            35.630259
          ],
          [
            139.271693,
            35.630176
          ],
          [
            139.271885,
            35.63008
          ],
          [
            139.271962,
            35.629933
          ],
          [
            139.272128,
            35.62985
          ],
          [
            139.272294,
            35.629741
          ],
          [
            139.272461,
            35.629638
          ],
          [
            139.272589,
            35.629485
          ],
          [
            139.272678,
            35.629318
          ],
          [
            139.272755,
            35.629162
          ],
          [
            139.27273,
            35.629165
          ],
          [
            139.27255,
            35.629043
          ],
          [
            139.272358,
            35.628934
          ],
          [
            139.272166,
            35.628803
          ],
          [
            139.272013,
            35.628682
          ],
          [
            139.271936,
            35.628579
          ],
          [
            139.271821,
            35.62839
          ],
          [
            139.271718,
            35.628214
          ],
          [
            139.271578,
            35.628054
          ],
          [
            139.271475,
            35.627888
          ],
          [
            139.271424,
            35.627709
          ],
          [
            139.271373,
            35.627517
          ],
          [
            139.27127,
            35.627334
          ],
          [
            139.271206,
            35.627152
          ],
          [
            139.271142,
            35.626979
          ],
          [
            139.271053,
            35.626794
          ],
          [
            139.27104,
            35.626755
          ],
          [
            139.271002,
            35.626717
          ],
          [
            139.271027,
            35.626602
          ],
          [
            139.270822,
            35.626496
          ],
          [
            139.270707,
            35.626448
          ],
          [
            139.270771,
            35.626282
          ],
          [
            139.270848,
            35.626141
          ],
          [
            139.270733,
            35.625965
          ],
          [
            139.270579,
            35.625818
          ],
          [
            139.270579,
            35.625642
          ],
          [
            139.270605,
            35.625568
          ],
          [
            139.270618,
            35.625469
          ],
          [
            139.270566,
            35.625389
          ],
          [
            139.270554,
            35.625235
          ],
          [
            139.27049,
            35.625123
          ],
          [
            139.270451,
            35.625088
          ],
          [
            139.270387,
            35.625046
          ],
          [
            139.270336,
            35.625014
          ],
          [
            139.27031,
            35.624976
          ],
          [
            139.270182,
            35.624966
          ],
          [
            139.270157,
            35.624934
          ],
          [
            139.270106,
            35.624954
          ],
          [
            139.270029,
            35.62495
          ],
          [
            139.270054,
            35.62489
          ],
          [
            139.270054,
            35.624803
          ],
          [
            139.270003,
            35.62472
          ],
          [
            139.269939,
            35.624691
          ],
          [
            139.269888,
            35.624672
          ],
          [
            139.269824,
            35.624659
          ],
          [
            139.26976,
            35.624659
          ],
          [
            139.269709,
            35.624659
          ],
          [
            139.269466,
            35.624666
          ],
          [
            139.269414,
            35.62465
          ],
          [
            139.269363,
            35.624637
          ],
          [
            139.269312,
            35.624618
          ],
          [
            139.269261,
            35.624605
          ],
          [
            139.26921,
            35.624598
          ],
          [
            139.269146,
            35.624579
          ],
          [
            139.269107,
            35.624566
          ],
          [
            139.269069,
            35.624531
          ],
          [
            139.269069,
            35.624518
          ],
          [
            139.269018,
            35.624509
          ],
          [
            139.268992,
            35.624474
          ],
          [
            139.268979,
            35.624435
          ],
          [
            139.268915,
            35.624336
          ],
          [
            139.268915,
            35.624275
          ],
          [
            139.268915,
            35.624221
          ],
          [
            139.268979,
            35.624038
          ],
          [
            139.26903,
            35.62384
          ],
          [
            139.269094,
            35.623741
          ],
          [
            139.269184,
            35.623568
          ],
          [
            139.269274,
            35.623402
          ],
          [
            139.269363,
            35.623309
          ],
          [
            139.269504,
            35.623238
          ],
          [
            139.269581,
            35.623158
          ],
          [
            139.269542,
            35.62305
          ],
          [
            139.269517,
            35.622867
          ],
          [
            139.269491,
            35.622678
          ],
          [
            139.269517,
            35.62249
          ],
          [
            139.269517,
            35.622291
          ],
          [
            139.269568,
            35.622109
          ],
          [
            139.269786,
            35.621997
          ],
          [
            139.26999,
            35.621856
          ],
          [
            139.270131,
            35.621754
          ],
          [
            139.270208,
            35.621658
          ],
          [
            139.270234,
            35.621459
          ],
          [
            139.270323,
            35.62128
          ],
          [
            139.270413,
            35.621133
          ],
          [
            139.270336,
            35.620957
          ],
          [
            139.270336,
            35.620893
          ],
          [
            139.270259,
            35.620838
          ],
          [
            139.270093,
            35.620774
          ],
          [
            139.270093,
            35.620666
          ],
          [
            139.270093,
            35.620608
          ],
          [
            139.270093,
            35.62047
          ],
          [
            139.270067,
            35.620435
          ],
          [
            139.26999,
            35.620342
          ],
          [
            139.269939,
            35.620221
          ],
          [
            139.269965,
            35.620022
          ],
          [
            139.269939,
            35.61991
          ],
          [
            139.269888,
            35.619808
          ],
          [
            139.269658,
            35.619795
          ],
          [
            139.269427,
            35.619731
          ],
          [
            139.269261,
            35.61959
          ],
          [
            139.26903,
            35.61953
          ],
          [
            139.268954,
            35.619354
          ],
          [
            139.268915,
            35.619152
          ],
          [
            139.268774,
            35.618992
          ],
          [
            139.268672,
            35.618877
          ],
          [
            139.26871,
            35.618694
          ],
          [
            139.268813,
            35.618544
          ],
          [
            139.268864,
            35.618509
          ],
          [
            139.269043,
            35.618384
          ],
          [
            139.269184,
            35.618237
          ],
          [
            139.269389,
            35.618134
          ],
          [
            139.269619,
            35.618093
          ],
          [
            139.269824,
            35.617994
          ],
          [
            139.269888,
            35.617994
          ],
          [
            139.269926,
            35.617997
          ],
          [
            139.269965,
            35.617968
          ],
          [
            139.269939,
            35.617926
          ],
          [
            139.269939,
            35.617888
          ],
          [
            139.269978,
            35.617856
          ],
          [
            139.270003,
            35.617821
          ],
          [
            139.26999,
            35.617779
          ],
          [
            139.270016,
            35.617587
          ],
          [
            139.270093,
            35.617437
          ],
          [
            139.270131,
            35.617398
          ],
          [
            139.270157,
            35.617248
          ],
          [
            139.270182,
            35.617078
          ],
          [
            139.270131,
            35.616906
          ],
          [
            139.270029,
            35.616726
          ],
          [
            139.269939,
            35.616554
          ],
          [
            139.269862,
            35.616384
          ],
          [
            139.269747,
            35.616211
          ],
          [
            139.26967,
            35.616016
          ],
          [
            139.269632,
            35.615808
          ],
          [
            139.269581,
            35.615619
          ],
          [
            139.269632,
            35.615424
          ],
          [
            139.269709,
            35.615325
          ],
          [
            139.269786,
            35.615226
          ],
          [
            139.269888,
            35.615069
          ],
          [
            139.269978,
            35.614899
          ],
          [
            139.270016,
            35.61471
          ],
          [
            139.269965,
            35.614531
          ],
          [
            139.269824,
            35.614387
          ],
          [
            139.269824,
            35.614214
          ],
          [
            139.269837,
            35.61401
          ],
          [
            139.26976,
            35.613834
          ],
          [
            139.26967,
            35.613651
          ],
          [
            139.269581,
            35.613472
          ],
          [
            139.269491,
            35.61328
          ],
          [
            139.269414,
            35.61311
          ],
          [
            139.269363,
            35.612934
          ],
          [
            139.269312,
            35.612755
          ],
          [
            139.269299,
            35.612733
          ],
          [
            139.269453,
            35.612739
          ],
          [
            139.269683,
            35.612784
          ],
          [
            139.269862,
            35.612912
          ],
          [
            139.270093,
            35.613002
          ],
          [
            139.270323,
            35.613078
          ],
          [
            139.270451,
            35.613229
          ],
          [
            139.27049,
            35.613267
          ],
          [
            139.270682,
            35.613376
          ],
          [
            139.270822,
            35.613411
          ],
          [
            139.270925,
            35.613456
          ],
          [
            139.270976,
            35.613466
          ],
          [
            139.27113,
            35.613594
          ],
          [
            139.27127,
            35.613734
          ],
          [
            139.271347,
            35.613843
          ],
          [
            139.27159,
            35.613885
          ],
          [
            139.271821,
            35.613946
          ],
          [
            139.272051,
            35.613942
          ],
          [
            139.272282,
            35.613888
          ],
          [
            139.272525,
            35.613914
          ],
          [
            139.272781,
            35.613962
          ],
          [
            139.273024,
            35.613933
          ],
          [
            139.273229,
            35.613818
          ],
          [
            139.273446,
            35.613853
          ],
          [
            139.273715,
            35.613917
          ],
          [
            139.273958,
            35.613933
          ],
          [
            139.274189,
            35.614013
          ],
          [
            139.274355,
            35.614166
          ],
          [
            139.274432,
            35.614208
          ],
          [
            139.27447,
            35.614243
          ],
          [
            139.274509,
            35.614266
          ],
          [
            139.274522,
            35.614224
          ],
          [
            139.274496,
            35.614221
          ],
          [
            139.27447,
            35.61425
          ],
          [
            139.274419,
            35.614288
          ],
          [
            139.274432,
            35.614349
          ],
          [
            139.274381,
            35.614464
          ],
          [
            139.274317,
            35.614659
          ],
          [
            139.274394,
            35.614845
          ],
          [
            139.274534,
            35.614989
          ],
          [
            139.274752,
            35.615078
          ],
          [
            139.274982,
            35.615126
          ],
          [
            139.275149,
            35.615258
          ],
          [
            139.275328,
            35.615386
          ],
          [
            139.275533,
            35.615485
          ],
          [
            139.275763,
            35.615565
          ],
          [
            139.275814,
            35.615693
          ],
          [
            139.275866,
            35.615888
          ],
          [
            139.27593,
            35.61601
          ],
          [
            139.276019,
            35.616096
          ],
          [
            139.276109,
            35.616269
          ],
          [
            139.27625,
            35.616406
          ],
          [
            139.276326,
            35.616454
          ],
          [
            139.276506,
            35.616576
          ],
          [
            139.276608,
            35.616749
          ],
          [
            139.276646,
            35.616928
          ],
          [
            139.276749,
            35.617123
          ],
          [
            139.2768,
            35.617152
          ],
          [
            139.2768,
            35.61728
          ],
          [
            139.276723,
            35.617475
          ],
          [
            139.276698,
            35.617683
          ],
          [
            139.276813,
            35.617869
          ],
          [
            139.276838,
            35.618064
          ],
          [
            139.276928,
            35.618256
          ],
          [
            139.276979,
            35.618432
          ],
          [
            139.277005,
            35.618627
          ],
          [
            139.27712,
            35.618797
          ],
          [
            139.277235,
            35.618976
          ],
          [
            139.277338,
            35.619149
          ],
          [
            139.277517,
            35.619309
          ],
          [
            139.277709,
            35.619443
          ],
          [
            139.277952,
            35.619424
          ],
          [
            139.278195,
            35.619357
          ],
          [
            139.278413,
            35.619232
          ],
          [
            139.278579,
            35.619094
          ],
          [
            139.278822,
            35.619008
          ],
          [
            139.27904,
            35.618938
          ],
          [
            139.279194,
            35.618979
          ],
          [
            139.279347,
            35.618992
          ],
          [
            139.279296,
            35.619046
          ],
          [
            139.279296,
            35.61911
          ],
          [
            139.279296,
            35.619152
          ],
          [
            139.279219,
            35.619267
          ],
          [
            139.279309,
            35.619446
          ],
          [
            139.279514,
            35.619546
          ],
          [
            139.27968,
            35.61969
          ],
          [
            139.279782,
            35.619862
          ],
          [
            139.27991,
            35.620045
          ],
          [
            139.280115,
            35.620122
          ],
          [
            139.280384,
            35.620118
          ],
          [
            139.280614,
            35.620186
          ],
          [
            139.280832,
            35.62023
          ],
          [
            139.281062,
            35.62015
          ],
          [
            139.281229,
            35.620006
          ],
          [
            139.281434,
            35.619891
          ],
          [
            139.281677,
            35.619882
          ],
          [
            139.281907,
            35.619907
          ],
          [
            139.282048,
            35.620099
          ],
          [
            139.282176,
            35.620256
          ],
          [
            139.282342,
            35.620435
          ],
          [
            139.282483,
            35.620602
          ],
          [
            139.282611,
            35.620765
          ],
          [
            139.282854,
            35.620781
          ],
          [
            139.282918,
            35.620755
          ],
          [
            139.283072,
            35.620704
          ],
          [
            139.283251,
            35.620563
          ],
          [
            139.28343,
            35.620419
          ],
          [
            139.283661,
            35.62048
          ],
          [
            139.283878,
            35.620602
          ],
          [
            139.284058,
            35.620765
          ],
          [
            139.284237,
            35.620893
          ],
          [
            139.284467,
            35.620938
          ],
          [
            139.284698,
            35.620931
          ],
          [
            139.284928,
            35.621024
          ],
          [
            139.285158,
            35.621085
          ],
          [
            139.285376,
            35.621018
          ],
          [
            139.285594,
            35.620966
          ],
          [
            139.285786,
            35.621053
          ],
          [
            139.285978,
            35.621174
          ],
          [
            139.286144,
            35.621315
          ],
          [
            139.286285,
            35.621494
          ],
          [
            139.286502,
            35.621619
          ],
          [
            139.286669,
            35.621766
          ],
          [
            139.286784,
            35.62193
          ],
          [
            139.286989,
            35.622051
          ],
          [
            139.286925,
            35.622234
          ],
          [
            139.286989,
            35.622342
          ]
        ]
      }
    },
    {
      "type": "Feature",
      "properties": {
        "route_id": "trail_minamitakao",
        "name": "南高尾東尾根トレイル",
        "category": "surrounding_trail",
        "difficulty": "beginner",
        "difficultyRating": 1,
        "crowdWeekday": 1,
        "crowdWeekend": 2,
        "distanceKm": 5,
        "durationMin": 110,
        "color": "#4ADE80",
        "sourceAttribution": "出典: 高尾マナーズ (https://takao-trail-manners.jp)",
        "features": [
          "高尾マナーズ推奨",
          "東尾根ルート",
          "高尾山口アクセス",
          "ショートトレイル"
        ],
        "description": "南高尾の東尾根を巡るショートトレイル。駅からのアクセスも良く、手軽に山深い雰囲気を味わえます。"
      },
      "geometry": {
        "type": "LineString",
        "coordinates": [
          [
            139.270707,
            35.632397
          ],
          [
            139.270643,
            35.632298
          ],
          [
            139.270323,
            35.632179
          ],
          [
            139.270131,
            35.631926
          ],
          [
            139.270016,
            35.631766
          ],
          [
            139.270067,
            35.63159
          ],
          [
            139.269773,
            35.631299
          ],
          [
            139.269632,
            35.630944
          ],
          [
            139.269862,
            35.630982
          ],
          [
            139.270157,
            35.631258
          ],
          [
            139.270208,
            35.631069
          ],
          [
            139.270451,
            35.630867
          ],
          [
            139.270502,
            35.630688
          ],
          [
            139.270733,
            35.630445
          ],
          [
            139.271002,
            35.630378
          ],
          [
            139.271027,
            35.630288
          ],
          [
            139.271168,
            35.63024
          ],
          [
            139.271398,
            35.630227
          ],
          [
            139.27145,
            35.630138
          ],
          [
            139.271795,
            35.630042
          ],
          [
            139.271872,
            35.629974
          ],
          [
            139.271872,
            35.629882
          ],
          [
            139.272435,
            35.629629
          ],
          [
            139.272563,
            35.629354
          ],
          [
            139.272755,
            35.629254
          ],
          [
            139.27273,
            35.629254
          ],
          [
            139.272666,
            35.629098
          ],
          [
            139.272563,
            35.629062
          ],
          [
            139.272384,
            35.628925
          ],
          [
            139.272243,
            35.628886
          ],
          [
            139.27209,
            35.628781
          ],
          [
            139.271936,
            35.62856
          ],
          [
            139.271539,
            35.628086
          ],
          [
            139.27136,
            35.627773
          ],
          [
            139.271347,
            35.627757
          ],
          [
            139.271334,
            35.627712
          ],
          [
            139.27127,
            35.627322
          ],
          [
            139.271091,
            35.627059
          ],
          [
            139.271091,
            35.626838
          ],
          [
            139.271014,
            35.626723
          ],
          [
            139.271002,
            35.626701
          ],
          [
            139.270976,
            35.626662
          ],
          [
            139.271002,
            35.62663
          ],
          [
            139.270925,
            35.626518
          ],
          [
            139.270694,
            35.626381
          ],
          [
            139.270707,
            35.626054
          ],
          [
            139.270605,
            35.625923
          ],
          [
            139.270579,
            35.625949
          ],
          [
            139.270618,
            35.625984
          ],
          [
            139.27063,
            35.626003
          ],
          [
            139.27063,
            35.625946
          ],
          [
            139.270579,
            35.62575
          ],
          [
            139.270528,
            35.625226
          ],
          [
            139.270579,
            35.62529
          ],
          [
            139.27063,
            35.625264
          ],
          [
            139.270502,
            35.62527
          ],
          [
            139.27049,
            35.625229
          ],
          [
            139.270541,
            35.625146
          ],
          [
            139.27031,
            35.624973
          ],
          [
            139.270016,
            35.624909
          ],
          [
            139.270054,
            35.624819
          ],
          [
            139.270016,
            35.624714
          ],
          [
            139.269824,
            35.624672
          ],
          [
            139.269235,
            35.624618
          ],
          [
            139.268966,
            35.624438
          ],
          [
            139.26889,
            35.624323
          ],
          [
            139.269107,
            35.623766
          ],
          [
            139.26912,
            35.623542
          ],
          [
            139.269235,
            35.623402
          ],
          [
            139.269568,
            35.6232
          ],
          [
            139.269517,
            35.623011
          ],
          [
            139.269568,
            35.623011
          ],
          [
            139.269491,
            35.622832
          ],
          [
            139.269517,
            35.622336
          ],
          [
            139.269517,
            35.622134
          ],
          [
            139.269965,
            35.621885
          ],
          [
            139.270374,
            35.621197
          ],
          [
            139.270374,
            35.621085
          ],
          [
            139.270323,
            35.620941
          ],
          [
            139.270029,
            35.620608
          ],
          [
            139.270003,
            35.620515
          ],
          [
            139.269901,
            35.620378
          ],
          [
            139.269901,
            35.620125
          ],
          [
            139.269862,
            35.619834
          ],
          [
            139.269542,
            35.619763
          ],
          [
            139.269338,
            35.619613
          ],
          [
            139.269043,
            35.619504
          ],
          [
            139.26889,
            35.619139
          ],
          [
            139.268902,
            35.619056
          ],
          [
            139.268646,
            35.618906
          ],
          [
            139.268698,
            35.618774
          ],
          [
            139.268646,
            35.618758
          ],
          [
            139.268749,
            35.618598
          ],
          [
            139.26921,
            35.618211
          ],
          [
            139.269376,
            35.618122
          ],
          [
            139.269491,
            35.61808
          ],
          [
            139.269632,
            35.618077
          ],
          [
            139.269709,
            35.618006
          ],
          [
            139.269914,
            35.618006
          ],
          [
            139.27017,
            35.617203
          ],
          [
            139.270234,
            35.617181
          ],
          [
            139.270259,
            35.617168
          ],
          [
            139.270234,
            35.61713
          ],
          [
            139.270259,
            35.617142
          ],
          [
            139.27049,
            35.617245
          ],
          [
            139.27072,
            35.61729
          ],
          [
            139.271002,
            35.617251
          ],
          [
            139.271104,
            35.617178
          ],
          [
            139.271296,
            35.6168
          ],
          [
            139.271936,
            35.617014
          ],
          [
            139.271987,
            35.617101
          ],
          [
            139.27223,
            35.617158
          ],
          [
            139.272294,
            35.617238
          ],
          [
            139.27241,
            35.617501
          ],
          [
            139.272691,
            35.617683
          ],
          [
            139.272832,
            35.617837
          ],
          [
            139.272845,
            35.618045
          ],
          [
            139.272986,
            35.618192
          ],
          [
            139.272986,
            35.618285
          ],
          [
            139.273088,
            35.61832
          ],
          [
            139.273267,
            35.618573
          ],
          [
            139.273382,
            35.618611
          ],
          [
            139.273088,
            35.619037
          ],
          [
            139.273152,
            35.619114
          ],
          [
            139.273114,
            35.61935
          ],
          [
            139.273114,
            35.619443
          ],
          [
            139.273408,
            35.619779
          ],
          [
            139.273382,
            35.619846
          ],
          [
            139.273446,
            35.619894
          ],
          [
            139.273395,
            35.619914
          ],
          [
            139.273421,
            35.620109
          ],
          [
            139.273702,
            35.620538
          ],
          [
            139.273587,
            35.620733
          ],
          [
            139.273574,
            35.620832
          ],
          [
            139.273715,
            35.621299
          ],
          [
            139.273869,
            35.621453
          ],
          [
            139.274061,
            35.621818
          ],
          [
            139.274189,
            35.622966
          ],
          [
            139.274138,
            35.623254
          ],
          [
            139.274445,
            35.623382
          ],
          [
            139.274688,
            35.623584
          ],
          [
            139.274752,
            35.623866
          ],
          [
            139.274701,
            35.623958
          ],
          [
            139.274714,
            35.624058
          ],
          [
            139.274829,
            35.624221
          ],
          [
            139.27511,
            35.624419
          ],
          [
            139.275302,
            35.624646
          ],
          [
            139.275469,
            35.625011
          ],
          [
            139.275507,
            35.625286
          ],
          [
            139.275456,
            35.625283
          ],
          [
            139.275405,
            35.625542
          ],
          [
            139.275315,
            35.62568
          ],
          [
            139.275251,
            35.626058
          ],
          [
            139.275341,
            35.626384
          ],
          [
            139.275405,
            35.626467
          ],
          [
            139.275379,
            35.626733
          ],
          [
            139.275622,
            35.62695
          ],
          [
            139.276301,
            35.627174
          ],
          [
            139.276454,
            35.627421
          ],
          [
            139.276762,
            35.627718
          ],
          [
            139.277248,
            35.627974
          ],
          [
            139.277389,
            35.628202
          ],
          [
            139.277478,
            35.628474
          ],
          [
            139.277555,
            35.628547
          ],
          [
            139.277594,
            35.62865
          ],
          [
            139.27767,
            35.628739
          ],
          [
            139.277466,
            35.629158
          ],
          [
            139.277414,
            35.629162
          ],
          [
            139.27744,
            35.629238
          ],
          [
            139.277414,
            35.629382
          ],
          [
            139.27753,
            35.629475
          ],
          [
            139.277683,
            35.629779
          ],
          [
            139.27767,
            35.629888
          ],
          [
            139.277568,
            35.630077
          ],
          [
            139.277606,
            35.63017
          ],
          [
            139.277722,
            35.630192
          ],
          [
            139.27767,
            35.630285
          ],
          [
            139.277722,
            35.630557
          ],
          [
            139.277862,
            35.630765
          ],
          [
            139.27799,
            35.630762
          ],
          [
            139.278003,
            35.630864
          ],
          [
            139.278067,
            35.630944
          ],
          [
            139.27785,
            35.631306
          ],
          [
            139.277798,
            35.631568
          ],
          [
            139.27776,
            35.632262
          ],
          [
            139.277722,
            35.632358
          ],
          [
            139.277606,
            35.633197
          ],
          [
            139.278106,
            35.633581
          ],
          [
            139.278464,
            35.63376
          ],
          [
            139.278554,
            35.634026
          ],
          [
            139.278554,
            35.63423
          ],
          [
            139.2784,
            35.634448
          ],
          [
            139.27831,
            35.63449
          ],
          [
            139.278067,
            35.634726
          ],
          [
            139.278003,
            35.634848
          ],
          [
            139.277696,
            35.63441
          ],
          [
            139.277466,
            35.63432
          ],
          [
            139.277312,
            35.634166
          ],
          [
            139.27689,
            35.634093
          ],
          [
            139.276506,
            35.634128
          ],
          [
            139.276378,
            35.634106
          ],
          [
            139.276288,
            35.634147
          ],
          [
            139.276262,
            35.634259
          ],
          [
            139.276326,
            35.634339
          ],
          [
            139.276301,
            35.634544
          ],
          [
            139.276339,
            35.63464
          ],
          [
            139.276339,
            35.635258
          ],
          [
            139.276429,
            35.635651
          ],
          [
            139.276531,
            35.636381
          ],
          [
            139.276723,
            35.636768
          ],
          [
            139.276736,
            35.636886
          ],
          [
            139.277056,
            35.637402
          ],
          [
            139.277171,
            35.637738
          ],
          [
            139.277338,
            35.637984
          ],
          [
            139.278091,
            35.638367
          ],
          [
            139.278793,
            35.638821
          ],
          [
            139.279343,
            35.638821
          ],
          [
            139.280029,
            35.639137
          ],
          [
            139.280197,
            35.639538
          ],
          [
            139.280151,
            35.639763
          ],
          [
            139.279694,
            35.639729
          ],
          [
            139.279053,
            35.639885
          ],
          [
            139.27829,
            35.639954
          ],
          [
            139.277573,
            35.639919
          ],
          [
            139.276886,
            35.640007
          ],
          [
            139.275925,
            35.64006
          ],
          [
            139.275513,
            35.640236
          ],
          [
            139.274918,
            35.640182
          ],
          [
            139.274658,
            35.639694
          ],
          [
            139.274078,
            35.639309
          ],
          [
            139.273408,
            35.639098
          ],
          [
            139.273395,
            35.639136
          ],
          [
            139.273421,
            35.639072
          ],
          [
            139.273395,
            35.639014
          ],
          [
            139.273434,
            35.638989
          ],
          [
            139.273395,
            35.638909
          ],
          [
            139.273331,
            35.638886
          ],
          [
            139.273344,
            35.638736
          ],
          [
            139.273203,
            35.638707
          ],
          [
            139.273126,
            35.638477
          ],
          [
            139.273242,
            35.638352
          ],
          [
            139.27328,
            35.638253
          ],
          [
            139.273472,
            35.63815
          ],
          [
            139.273434,
            35.637914
          ],
          [
            139.27328,
            35.637706
          ],
          [
            139.273229,
            35.637197
          ],
          [
            139.273178,
            35.637107
          ],
          [
            139.273203,
            35.637011
          ],
          [
            139.273357,
            35.636701
          ],
          [
            139.273472,
            35.636701
          ],
          [
            139.273485,
            35.636595
          ],
          [
            139.273626,
            35.636515
          ],
          [
            139.273715,
            35.636381
          ],
          [
            139.273702,
            35.636198
          ],
          [
            139.273638,
            35.63607
          ],
          [
            139.273741,
            35.635846
          ],
          [
            139.273754,
            35.635715
          ],
          [
            139.27383,
            35.63568
          ],
          [
            139.273869,
            35.635581
          ],
          [
            139.273818,
            35.635536
          ],
          [
            139.273741,
            35.635238
          ],
          [
            139.273626,
            35.635123
          ],
          [
            139.273421,
            35.634778
          ],
          [
            139.273408,
            35.634682
          ],
          [
            139.273485,
            35.63457
          ],
          [
            139.273408,
            35.6344
          ],
          [
            139.273331,
            35.634362
          ],
          [
            139.273267,
            35.634246
          ],
          [
            139.272832,
            35.634138
          ],
          [
            139.27255,
            35.633603
          ],
          [
            139.272704,
            35.633232
          ],
          [
            139.272717,
            35.63319
          ],
          [
            139.27232,
            35.632502
          ],
          [
            139.272448,
            35.632266
          ],
          [
            139.272614,
            35.632032
          ],
          [
            139.272845,
            35.631834
          ],
          [
            139.272845,
            35.631597
          ],
          [
            139.272845,
            35.631629
          ],
          [
            139.27287,
            35.6316
          ],
          [
            139.272768,
            35.631405
          ],
          [
            139.272627,
            35.631114
          ],
          [
            139.27264,
            35.631014
          ],
          [
            139.272589,
            35.631101
          ],
          [
            139.272627,
            35.631011
          ],
          [
            139.272589,
            35.630781
          ],
          [
            139.272666,
            35.63063
          ],
          [
            139.27264,
            35.630595
          ],
          [
            139.272755,
            35.630483
          ],
          [
            139.27273,
            35.63047
          ],
          [
            139.272832,
            35.630304
          ],
          [
            139.272806,
            35.630138
          ],
          [
            139.272922,
            35.630061
          ],
          [
            139.273011,
            35.629894
          ],
          [
            139.273062,
            35.629888
          ],
          [
            139.273114,
            35.629933
          ],
          [
            139.273011,
            35.629853
          ],
          [
            139.272986,
            35.62977
          ],
          [
            139.272845,
            35.629386
          ],
          [
            139.272704,
            35.629267
          ],
          [
            139.272602,
            35.629424
          ],
          [
            139.272486,
            35.629491
          ],
          [
            139.272486,
            35.629584
          ],
          [
            139.272051,
            35.629715
          ],
          [
            139.271962,
            35.629773
          ],
          [
            139.271872,
            35.629939
          ],
          [
            139.271424,
            35.630074
          ],
          [
            139.271181,
            35.630109
          ],
          [
            139.27063,
            35.630307
          ],
          [
            139.270426,
            35.630752
          ],
          [
            139.270221,
            35.631104
          ],
          [
            139.270131,
            35.631168
          ],
          [
            139.270016,
            35.631142
          ],
          [
            139.269862,
            35.631005
          ],
          [
            139.269606,
            35.630973
          ],
          [
            139.269581,
            35.631072
          ],
          [
            139.269619,
            35.631229
          ],
          [
            139.269888,
            35.631616
          ],
          [
            139.269773,
            35.631795
          ],
          [
            139.269837,
            35.631904
          ],
          [
            139.269965,
            35.632
          ],
          [
            139.269939,
            35.632061
          ],
          [
            139.270054,
            35.632272
          ]
        ]
      }
    },
    {
      "type": "Feature",
      "properties": {
        "route_id": "trail_misawa",
        "name": "三沢峠周回トレイル",
        "category": "surrounding_trail",
        "difficulty": "intermediate",
        "difficultyRating": 2,
        "crowdWeekday": 1,
        "crowdWeekend": 2,
        "distanceKm": 10,
        "durationMin": 200,
        "color": "#A78BFA",
        "sourceAttribution": "出典: 高尾マナーズ (https://takao-trail-manners.jp)",
        "features": [
          "高尾マナーズ推奨",
          "三沢峠周回",
          "草戸山展望",
          "津久井湖眺望"
        ],
        "description": "三沢峠から草戸山を周回する本格コース。津久井湖の眺望と気持ちの良いアップダウンが続きます。"
      },
      "geometry": {
        "type": "LineString",
        "coordinates": [
          [
            139.269939,
            35.631747
          ],
          [
            139.269888,
            35.631658
          ],
          [
            139.269837,
            35.63159
          ],
          [
            139.269786,
            35.631523
          ],
          [
            139.269747,
            35.631446
          ],
          [
            139.269696,
            35.631373
          ],
          [
            139.26967,
            35.631302
          ],
          [
            139.269658,
            35.631232
          ],
          [
            139.269619,
            35.631174
          ],
          [
            139.269606,
            35.631107
          ],
          [
            139.269581,
            35.63105
          ],
          [
            139.269568,
            35.63097
          ],
          [
            139.269542,
            35.630896
          ],
          [
            139.26953,
            35.630822
          ],
          [
            139.26953,
            35.630752
          ],
          [
            139.269542,
            35.630672
          ],
          [
            139.269542,
            35.630598
          ],
          [
            139.269542,
            35.630512
          ],
          [
            139.269568,
            35.630448
          ],
          [
            139.269581,
            35.630371
          ],
          [
            139.269581,
            35.630307
          ],
          [
            139.269594,
            35.630234
          ],
          [
            139.269606,
            35.630176
          ],
          [
            139.269606,
            35.630109
          ],
          [
            139.269594,
            35.630032
          ],
          [
            139.269568,
            35.629978
          ],
          [
            139.26953,
            35.629878
          ],
          [
            139.269491,
            35.629808
          ],
          [
            139.269427,
            35.629744
          ],
          [
            139.269376,
            35.629664
          ],
          [
            139.26935,
            35.629597
          ],
          [
            139.269299,
            35.629536
          ],
          [
            139.269274,
            35.629472
          ],
          [
            139.269235,
            35.629421
          ],
          [
            139.26921,
            35.629366
          ],
          [
            139.269171,
            35.629283
          ],
          [
            139.269133,
            35.629213
          ],
          [
            139.269107,
            35.629149
          ],
          [
            139.269069,
            35.629094
          ],
          [
            139.26903,
            35.629043
          ],
          [
            139.268979,
            35.628976
          ],
          [
            139.268915,
            35.628934
          ],
          [
            139.268877,
            35.628886
          ],
          [
            139.268787,
            35.628838
          ],
          [
            139.268698,
            35.628787
          ],
          [
            139.268595,
            35.628742
          ],
          [
            139.268518,
            35.628698
          ],
          [
            139.268403,
            35.628637
          ],
          [
            139.268314,
            35.628586
          ],
          [
            139.268237,
            35.628518
          ],
          [
            139.268122,
            35.628422
          ],
          [
            139.268045,
            35.628358
          ],
          [
            139.267955,
            35.628288
          ],
          [
            139.267866,
            35.628234
          ],
          [
            139.267763,
            35.628173
          ],
          [
            139.267674,
            35.628134
          ],
          [
            139.267584,
            35.62807
          ],
          [
            139.267482,
            35.628026
          ],
          [
            139.267366,
            35.627987
          ],
          [
            139.267238,
            35.627933
          ],
          [
            139.267123,
            35.627888
          ],
          [
            139.266995,
            35.627843
          ],
          [
            139.266931,
            35.627798
          ],
          [
            139.266842,
            35.62777
          ],
          [
            139.266688,
            35.627712
          ],
          [
            139.266611,
            35.627677
          ],
          [
            139.266496,
            35.627616
          ],
          [
            139.266291,
            35.627555
          ],
          [
            139.266176,
            35.62751
          ],
          [
            139.266074,
            35.627488
          ],
          [
            139.265971,
            35.627466
          ],
          [
            139.265715,
            35.627389
          ],
          [
            139.265331,
            35.627322
          ],
          [
            139.265101,
            35.627306
          ],
          [
            139.264755,
            35.627206
          ],
          [
            139.264499,
            35.627069
          ],
          [
            139.264333,
            35.626982
          ],
          [
            139.26423,
            35.626938
          ],
          [
            139.26409,
            35.626816
          ],
          [
            139.264026,
            35.626758
          ],
          [
            139.263949,
            35.626691
          ],
          [
            139.263898,
            35.626646
          ],
          [
            139.263859,
            35.626566
          ],
          [
            139.263795,
            35.626493
          ],
          [
            139.26377,
            35.626435
          ],
          [
            139.263731,
            35.626381
          ],
          [
            139.263718,
            35.626323
          ],
          [
            139.263693,
            35.626266
          ],
          [
            139.263693,
            35.626205
          ],
          [
            139.263667,
            35.626122
          ],
          [
            139.263654,
            35.626048
          ],
          [
            139.263616,
            35.626016
          ],
          [
            139.263578,
            35.625904
          ],
          [
            139.26359,
            35.625731
          ],
          [
            139.263616,
            35.625523
          ],
          [
            139.263565,
            35.625235
          ],
          [
            139.263539,
            35.625146
          ],
          [
            139.263514,
            35.625072
          ],
          [
            139.263501,
            35.625011
          ],
          [
            139.263475,
            35.624947
          ],
          [
            139.263462,
            35.624883
          ],
          [
            139.263424,
            35.624826
          ],
          [
            139.263424,
            35.624746
          ],
          [
            139.263411,
            35.624678
          ],
          [
            139.263398,
            35.624538
          ],
          [
            139.263309,
            35.624237
          ],
          [
            139.263322,
            35.62393
          ],
          [
            139.263258,
            35.623661
          ],
          [
            139.263219,
            35.623466
          ],
          [
            139.263168,
            35.623325
          ],
          [
            139.263104,
            35.623046
          ],
          [
            139.263117,
            35.622982
          ],
          [
            139.263168,
            35.62296
          ],
          [
            139.263168,
            35.622886
          ],
          [
            139.263142,
            35.622787
          ],
          [
            139.263117,
            35.622749
          ],
          [
            139.263155,
            35.622666
          ],
          [
            139.263142,
            35.622589
          ],
          [
            139.263142,
            35.622509
          ],
          [
            139.263142,
            35.622435
          ],
          [
            139.263142,
            35.622374
          ],
          [
            139.263104,
            35.622304
          ],
          [
            139.263078,
            35.622211
          ],
          [
            139.26304,
            35.622154
          ],
          [
            139.263014,
            35.62193
          ],
          [
            139.262976,
            35.621766
          ],
          [
            139.262925,
            35.62168
          ],
          [
            139.262912,
            35.62161
          ],
          [
            139.262874,
            35.621542
          ],
          [
            139.262848,
            35.621488
          ],
          [
            139.262835,
            35.621408
          ],
          [
            139.262784,
            35.621344
          ],
          [
            139.262758,
            35.621258
          ],
          [
            139.262707,
            35.621194
          ],
          [
            139.262682,
            35.621133
          ],
          [
            139.262669,
            35.621072
          ],
          [
            139.262618,
            35.620992
          ],
          [
            139.262592,
            35.620934
          ],
          [
            139.262541,
            35.620867
          ],
          [
            139.262515,
            35.620797
          ],
          [
            139.262477,
            35.620739
          ],
          [
            139.262451,
            35.620682
          ],
          [
            139.262426,
            35.620624
          ],
          [
            139.262374,
            35.620557
          ],
          [
            139.262362,
            35.62048
          ],
          [
            139.262349,
            35.620422
          ],
          [
            139.262323,
            35.620365
          ],
          [
            139.26231,
            35.620291
          ],
          [
            139.262298,
            35.620224
          ],
          [
            139.26231,
            35.620141
          ],
          [
            139.26231,
            35.620083
          ],
          [
            139.262323,
            35.62
          ],
          [
            139.262362,
            35.619923
          ],
          [
            139.262374,
            35.619862
          ],
          [
            139.262426,
            35.619754
          ],
          [
            139.262438,
            35.619693
          ],
          [
            139.262451,
            35.619626
          ],
          [
            139.262464,
            35.619562
          ],
          [
            139.262477,
            35.619472
          ],
          [
            139.262477,
            35.619389
          ],
          [
            139.262502,
            35.619318
          ],
          [
            139.262502,
            35.619235
          ],
          [
            139.262528,
            35.619139
          ],
          [
            139.262541,
            35.619059
          ],
          [
            139.262579,
            35.618989
          ],
          [
            139.262541,
            35.618938
          ],
          [
            139.262541,
            35.618877
          ],
          [
            139.262579,
            35.618816
          ],
          [
            139.262579,
            35.618739
          ],
          [
            139.262579,
            35.618669
          ],
          [
            139.262579,
            35.618592
          ],
          [
            139.262579,
            35.618502
          ],
          [
            139.262579,
            35.618435
          ],
          [
            139.262554,
            35.618381
          ],
          [
            139.262528,
            35.61832
          ],
          [
            139.262515,
            35.618256
          ],
          [
            139.262477,
            35.618202
          ],
          [
            139.262426,
            35.618134
          ],
          [
            139.262374,
            35.61808
          ],
          [
            139.262298,
            35.618026
          ],
          [
            139.262208,
            35.617974
          ],
          [
            139.262106,
            35.617933
          ],
          [
            139.261926,
            35.617907
          ],
          [
            139.261837,
            35.617907
          ],
          [
            139.261798,
            35.617859
          ],
          [
            139.261824,
            35.617808
          ],
          [
            139.261862,
            35.617814
          ],
          [
            139.261786,
            35.617795
          ],
          [
            139.261747,
            35.617734
          ],
          [
            139.261734,
            35.617677
          ],
          [
            139.261722,
            35.617603
          ],
          [
            139.261606,
            35.61751
          ],
          [
            139.261555,
            35.617466
          ],
          [
            139.261504,
            35.617392
          ],
          [
            139.26144,
            35.617338
          ],
          [
            139.261389,
            35.617277
          ],
          [
            139.261248,
            35.6172
          ],
          [
            139.261094,
            35.617104
          ],
          [
            139.26103,
            35.617066
          ],
          [
            139.260813,
            35.617043
          ],
          [
            139.260467,
            35.616992
          ],
          [
            139.260134,
            35.616803
          ],
          [
            139.259904,
            35.616602
          ],
          [
            139.259802,
            35.61631
          ],
          [
            139.259725,
            35.616032
          ],
          [
            139.259533,
            35.615763
          ],
          [
            139.259443,
            35.615482
          ],
          [
            139.259456,
            35.615296
          ],
          [
            139.259379,
            35.615114
          ],
          [
            139.259354,
            35.614816
          ],
          [
            139.259456,
            35.614541
          ],
          [
            139.25943,
            35.614259
          ],
          [
            139.259405,
            35.614003
          ],
          [
            139.259162,
            35.613776
          ],
          [
            139.2592,
            35.613485
          ],
          [
            139.259226,
            35.613174
          ],
          [
            139.2592,
            35.61289
          ],
          [
            139.259187,
            35.612595
          ],
          [
            139.259059,
            35.612323
          ],
          [
            139.25897,
            35.612042
          ],
          [
            139.258816,
            35.611763
          ],
          [
            139.258803,
            35.61145
          ],
          [
            139.258701,
            35.611149
          ],
          [
            139.258534,
            35.61089
          ],
          [
            139.258253,
            35.610714
          ],
          [
            139.258086,
            35.610461
          ],
          [
            139.257869,
            35.610307
          ],
          [
            139.257587,
            35.610154
          ],
          [
            139.257344,
            35.609958
          ],
          [
            139.257293,
            35.609757
          ],
          [
            139.257178,
            35.609507
          ],
          [
            139.256973,
            35.609286
          ],
          [
            139.256819,
            35.609046
          ],
          [
            139.256666,
            35.608813
          ],
          [
            139.25655,
            35.608624
          ],
          [
            139.256461,
            35.608342
          ],
          [
            139.256243,
            35.608118
          ],
          [
            139.256013,
            35.607917
          ],
          [
            139.255846,
            35.607667
          ],
          [
            139.255693,
            35.607434
          ],
          [
            139.255462,
            35.60721
          ],
          [
            139.255232,
            35.606976
          ],
          [
            139.254938,
            35.606816
          ],
          [
            139.254746,
            35.606586
          ],
          [
            139.254502,
            35.606387
          ],
          [
            139.254566,
            35.606179
          ],
          [
            139.25449,
            35.605907
          ],
          [
            139.254451,
            35.605613
          ],
          [
            139.254208,
            35.605389
          ],
          [
            139.253952,
            35.605178
          ],
          [
            139.25385,
            35.605027
          ],
          [
            139.253875,
            35.604896
          ],
          [
            139.253786,
            35.604794
          ],
          [
            139.253786,
            35.604755
          ],
          [
            139.253722,
            35.60472
          ],
          [
            139.253696,
            35.604672
          ],
          [
            139.253632,
            35.604483
          ],
          [
            139.253491,
            35.604224
          ],
          [
            139.253338,
            35.603984
          ],
          [
            139.25321,
            35.603718
          ],
          [
            139.25303,
            35.603517
          ],
          [
            139.252928,
            35.603248
          ],
          [
            139.252774,
            35.603034
          ],
          [
            139.252621,
            35.602787
          ],
          [
            139.252378,
            35.602608
          ],
          [
            139.252198,
            35.602474
          ],
          [
            139.252262,
            35.602432
          ],
          [
            139.252275,
            35.60231
          ],
          [
            139.252352,
            35.602234
          ],
          [
            139.252378,
            35.602112
          ],
          [
            139.252429,
            35.602058
          ],
          [
            139.252467,
            35.601882
          ],
          [
            139.252531,
            35.60184
          ],
          [
            139.252608,
            35.601779
          ],
          [
            139.252685,
            35.60177
          ],
          [
            139.252736,
            35.601754
          ],
          [
            139.252685,
            35.601789
          ],
          [
            139.252698,
            35.601741
          ],
          [
            139.252787,
            35.601795
          ],
          [
            139.252979,
            35.601958
          ],
          [
            139.253235,
            35.602141
          ],
          [
            139.253427,
            35.602278
          ],
          [
            139.25353,
            35.602333
          ],
          [
            139.253568,
            35.602387
          ],
          [
            139.253632,
            35.602429
          ],
          [
            139.253811,
            35.602467
          ],
          [
            139.254131,
            35.602554
          ],
          [
            139.25449,
            35.60265
          ],
          [
            139.254694,
            35.602646
          ],
          [
            139.25481,
            35.602662
          ],
          [
            139.25513,
            35.602675
          ],
          [
            139.255386,
            35.602634
          ],
          [
            139.255488,
            35.602627
          ],
          [
            139.25559,
            35.60263
          ],
          [
            139.255834,
            35.602749
          ],
          [
            139.256179,
            35.602902
          ],
          [
            139.256154,
            35.603206
          ],
          [
            139.256307,
            35.603478
          ],
          [
            139.25655,
            35.603696
          ],
          [
            139.256794,
            35.603894
          ],
          [
            139.257024,
            35.603981
          ],
          [
            139.257126,
            35.603978
          ],
          [
            139.257293,
            35.604
          ],
          [
            139.257446,
            35.60392
          ],
          [
            139.257574,
            35.603894
          ],
          [
            139.257664,
            35.603875
          ],
          [
            139.257741,
            35.603878
          ],
          [
            139.257933,
            35.603846
          ],
          [
            139.258061,
            35.603827
          ],
          [
            139.258189,
            35.603827
          ],
          [
            139.25824,
            35.603779
          ],
          [
            139.258317,
            35.603734
          ],
          [
            139.258394,
            35.603696
          ],
          [
            139.258483,
            35.60368
          ],
          [
            139.25856,
            35.603654
          ],
          [
            139.258688,
            35.603606
          ],
          [
            139.258765,
            35.60359
          ],
          [
            139.258854,
            35.603562
          ],
          [
            139.25897,
            35.603526
          ],
          [
            139.259162,
            35.603517
          ],
          [
            139.259251,
            35.603523
          ],
          [
            139.259328,
            35.60352
          ],
          [
            139.25943,
            35.603539
          ],
          [
            139.259533,
            35.60352
          ],
          [
            139.259674,
            35.603405
          ],
          [
            139.259738,
            35.603363
          ],
          [
            139.259827,
            35.603312
          ],
          [
            139.259917,
            35.60327
          ],
          [
            139.260006,
            35.603219
          ],
          [
            139.260122,
            35.603168
          ],
          [
            139.260198,
            35.603142
          ],
          [
            139.260314,
            35.603101
          ],
          [
            139.260442,
            35.603114
          ],
          [
            139.260518,
            35.603091
          ],
          [
            139.260608,
            35.603034
          ],
          [
            139.260698,
            35.602992
          ],
          [
            139.260915,
            35.602893
          ],
          [
            139.261018,
            35.60287
          ],
          [
            139.261107,
            35.602832
          ],
          [
            139.261414,
            35.602771
          ],
          [
            139.261504,
            35.602771
          ],
          [
            139.261875,
            35.602755
          ],
          [
            139.262182,
            35.602669
          ],
          [
            139.26231,
            35.602685
          ],
          [
            139.262579,
            35.602486
          ],
          [
            139.262707,
            35.60223
          ],
          [
            139.262874,
            35.602138
          ],
          [
            139.262989,
            35.602138
          ],
          [
            139.263258,
            35.602154
          ],
          [
            139.263334,
            35.602195
          ],
          [
            139.263296,
            35.602096
          ],
          [
            139.263373,
            35.602189
          ],
          [
            139.263411,
            35.602291
          ],
          [
            139.263398,
            35.602515
          ],
          [
            139.263347,
            35.602794
          ],
          [
            139.26295,
            35.602845
          ],
          [
            139.262592,
            35.60288
          ],
          [
            139.262426,
            35.603126
          ],
          [
            139.262208,
            35.603363
          ],
          [
            139.262029,
            35.603619
          ],
          [
            139.26167,
            35.603498
          ],
          [
            139.26135,
            35.60337
          ],
          [
            139.261005,
            35.603338
          ],
          [
            139.260941,
            35.603606
          ],
          [
            139.261094,
            35.603859
          ],
          [
            139.261197,
            35.604115
          ],
          [
            139.261504,
            35.604317
          ],
          [
            139.261683,
            35.60456
          ],
          [
            139.261427,
            35.604707
          ],
          [
            139.261107,
            35.604886
          ],
          [
            139.26089,
            35.605078
          ],
          [
            139.261197,
            35.605178
          ],
          [
            139.261555,
            35.605174
          ],
          [
            139.261875,
            35.605302
          ],
          [
            139.262157,
            35.605466
          ],
          [
            139.262362,
            35.605699
          ],
          [
            139.262579,
            35.605923
          ],
          [
            139.262822,
            35.606186
          ],
          [
            139.263104,
            35.606362
          ],
          [
            139.263232,
            35.606614
          ],
          [
            139.263411,
            35.60688
          ],
          [
            139.263731,
            35.607082
          ],
          [
            139.264013,
            35.60729
          ],
          [
            139.264218,
            35.607501
          ],
          [
            139.264282,
            35.607811
          ],
          [
            139.264371,
            35.60809
          ],
          [
            139.264461,
            35.608384
          ],
          [
            139.264589,
            35.608653
          ],
          [
            139.264909,
            35.608838
          ],
          [
            139.265139,
            35.609085
          ],
          [
            139.265306,
            35.609379
          ],
          [
            139.2656,
            35.609597
          ],
          [
            139.265677,
            35.609878
          ],
          [
            139.265882,
            35.61016
          ],
          [
            139.266035,
            35.610454
          ],
          [
            139.266138,
            35.61072
          ],
          [
            139.266368,
            35.610963
          ],
          [
            139.266662,
            35.611104
          ],
          [
            139.266931,
            35.611306
          ],
          [
            139.267136,
            35.611562
          ],
          [
            139.267238,
            35.61184
          ],
          [
            139.267302,
            35.612138
          ],
          [
            139.267226,
            35.612413
          ],
          [
            139.267008,
            35.612678
          ],
          [
            139.266906,
            35.612944
          ],
          [
            139.266906,
            35.61329
          ],
          [
            139.267213,
            35.613437
          ],
          [
            139.267507,
            35.613632
          ],
          [
            139.26775,
            35.613856
          ],
          [
            139.267878,
            35.614134
          ],
          [
            139.267827,
            35.614442
          ],
          [
            139.267763,
            35.61473
          ],
          [
            139.267725,
            35.615021
          ],
          [
            139.267802,
            35.615331
          ],
          [
            139.26793,
            35.61561
          ],
          [
            139.268083,
            35.61585
          ],
          [
            139.268173,
            35.616131
          ],
          [
            139.267955,
            35.616403
          ],
          [
            139.267802,
            35.616656
          ],
          [
            139.267584,
            35.616922
          ],
          [
            139.267379,
            35.617168
          ],
          [
            139.267059,
            35.617325
          ],
          [
            139.266803,
            35.61753
          ],
          [
            139.266586,
            35.617763
          ],
          [
            139.266496,
            35.617789
          ],
          [
            139.266189,
            35.617958
          ],
          [
            139.265958,
            35.618154
          ],
          [
            139.265728,
            35.618397
          ],
          [
            139.265459,
            35.618598
          ],
          [
            139.265101,
            35.618634
          ],
          [
            139.26473,
            35.618592
          ],
          [
            139.264602,
            35.618656
          ],
          [
            139.264461,
            35.618672
          ],
          [
            139.264064,
            35.618659
          ],
          [
            139.264205,
            35.61864
          ],
          [
            139.264589,
            35.618582
          ],
          [
            139.26496,
            35.61857
          ],
          [
            139.265293,
            35.618554
          ],
          [
            139.265139,
            35.618602
          ],
          [
            139.264781,
            35.618598
          ],
          [
            139.26441,
            35.61863
          ],
          [
            139.264038,
            35.618637
          ],
          [
            139.26377,
            35.618835
          ],
          [
            139.263795,
            35.619114
          ],
          [
            139.263795,
            35.619178
          ],
          [
            139.263795,
            35.619258
          ],
          [
            139.263782,
            35.619325
          ],
          [
            139.263744,
            35.619386
          ],
          [
            139.263667,
            35.619402
          ],
          [
            139.263718,
            35.619402
          ],
          [
            139.263693,
            35.619411
          ],
          [
            139.263629,
            35.619469
          ],
          [
            139.263565,
            35.619523
          ],
          [
            139.263501,
            35.619584
          ],
          [
            139.263437,
            35.619648
          ],
          [
            139.263411,
            35.619722
          ],
          [
            139.263386,
            35.619786
          ],
          [
            139.263347,
            35.61985
          ],
          [
            139.263309,
            35.619942
          ],
          [
            139.263219,
            35.620141
          ],
          [
            139.26304,
            35.620317
          ],
          [
            139.262976,
            35.620384
          ],
          [
            139.262912,
            35.620435
          ],
          [
            139.262758,
            35.620605
          ],
          [
            139.262707,
            35.620675
          ],
          [
            139.262682,
            35.620739
          ],
          [
            139.262643,
            35.620784
          ],
          [
            139.262618,
            35.620832
          ],
          [
            139.262669,
            35.621053
          ],
          [
            139.262682,
            35.621123
          ],
          [
            139.26272,
            35.621222
          ],
          [
            139.262758,
            35.621277
          ],
          [
            139.262899,
            35.621549
          ],
          [
            139.262976,
            35.62183
          ],
          [
            139.263027,
            35.622131
          ],
          [
            139.263066,
            35.622432
          ],
          [
            139.263104,
            35.622714
          ],
          [
            139.263155,
            35.6228
          ],
          [
            139.263078,
            35.623078
          ],
          [
            139.263091,
            35.623334
          ],
          [
            139.263181,
            35.6236
          ],
          [
            139.263232,
            35.623882
          ],
          [
            139.263219,
            35.624176
          ],
          [
            139.263322,
            35.624448
          ],
          [
            139.263398,
            35.624755
          ],
          [
            139.263488,
            35.625066
          ],
          [
            139.263552,
            35.625379
          ],
          [
            139.263539,
            35.625686
          ],
          [
            139.263552,
            35.626003
          ],
          [
            139.263629,
            35.626294
          ],
          [
            139.263782,
            35.626586
          ],
          [
            139.264013,
            35.62681
          ],
          [
            139.264346,
            35.626944
          ],
          [
            139.264653,
            35.627117
          ],
          [
            139.265011,
            35.627238
          ],
          [
            139.265344,
            35.627331
          ],
          [
            139.26569,
            35.62743
          ],
          [
            139.266022,
            35.627549
          ],
          [
            139.266355,
            35.627683
          ],
          [
            139.266675,
            35.627843
          ],
          [
            139.267008,
            35.628006
          ],
          [
            139.267354,
            35.62809
          ],
          [
            139.267699,
            35.628227
          ],
          [
            139.268019,
            35.628422
          ],
          [
            139.268314,
            35.628605
          ],
          [
            139.268621,
            35.62879
          ],
          [
            139.268915,
            35.628989
          ],
          [
            139.269107,
            35.629245
          ],
          [
            139.269222,
            35.629539
          ],
          [
            139.269414,
            35.629795
          ],
          [
            139.269581,
            35.630077
          ],
          [
            139.269568,
            35.630374
          ],
          [
            139.269568,
            35.630451
          ],
          [
            139.269542,
            35.630528
          ],
          [
            139.269542,
            35.630682
          ],
          [
            139.269542,
            35.630752
          ],
          [
            139.269542,
            35.630816
          ],
          [
            139.269594,
            35.63096
          ],
          [
            139.269632,
            35.631107
          ],
          [
            139.269734,
            35.631306
          ],
          [
            139.26985,
            35.631472
          ]
        ]
      }
    },
    {
      "type": "Feature",
      "properties": {
        "route_id": "trail_kitaapproach",
        "name": "北高尾アプローチトレイル",
        "category": "surrounding_trail",
        "difficulty": "beginner",
        "difficultyRating": 1,
        "crowdWeekday": 1,
        "crowdWeekend": 1,
        "distanceKm": 4,
        "durationMin": 90,
        "color": "#2DD4BF",
        "sourceAttribution": "出典: 高尾マナーズ (https://takao-trail-manners.jp)",
        "features": [
          "高尾マナーズ推奨",
          "北高尾導入",
          "自然林歩道",
          "混雑回避"
        ],
        "description": "北高尾山稜へのアプローチトレイル。メインルートの混雑を避け、静かな山歩きをスタートできます。"
      },
      "geometry": {
        "type": "LineString",
        "coordinates": [
          [
            139.270309,
            35.632679
          ],
          [
            139.270004,
            35.633072
          ],
          [
            139.270218,
            35.633675
          ],
          [
            139.270386,
            35.634075
          ],
          [
            139.27066,
            35.634415
          ],
          [
            139.270447,
            35.635403
          ],
          [
            139.270447,
            35.635876
          ],
          [
            139.270442,
            35.636206
          ],
          [
            139.270549,
            35.636651
          ],
          [
            139.270989,
            35.637514
          ],
          [
            139.271182,
            35.638107
          ],
          [
            139.27145,
            35.639162
          ],
          [
            139.271729,
            35.639424
          ],
          [
            139.270806,
            35.639624
          ],
          [
            139.269894,
            35.639581
          ],
          [
            139.269111,
            35.639668
          ],
          [
            139.26851,
            35.639842
          ],
          [
            139.267931,
            35.63999
          ],
          [
            139.267684,
            35.640034
          ],
          [
            139.267298,
            35.640078
          ],
          [
            139.267008,
            35.640086
          ],
          [
            139.266912,
            35.640095
          ],
          [
            139.266193,
            35.640121
          ],
          [
            139.26541,
            35.640173
          ],
          [
            139.265034,
            35.640208
          ],
          [
            139.265002,
            35.640217
          ],
          [
            139.264777,
            35.640147
          ],
          [
            139.264498,
            35.64013
          ],
          [
            139.264144,
            35.640156
          ],
          [
            139.263682,
            35.640069
          ],
          [
            139.263275,
            35.640008
          ],
          [
            139.262717,
            35.639929
          ],
          [
            139.262481,
            35.639851
          ],
          [
            139.262202,
            35.639589
          ],
          [
            139.262009,
            35.639424
          ],
          [
            139.261569,
            35.639371
          ],
          [
            139.261301,
            35.639284
          ],
          [
            139.260979,
            35.63931
          ],
          [
            139.260657,
            35.63931
          ],
          [
            139.260528,
            35.63931
          ],
          [
            139.26041,
            35.639397
          ],
          [
            139.260002,
            35.639206
          ],
          [
            139.258897,
            35.639023
          ],
          [
            139.258758,
            35.638927
          ],
          [
            139.258468,
            35.638866
          ],
          [
            139.258533,
            35.638988
          ],
          [
            139.258468,
            35.639179
          ],
          [
            139.257857,
            35.639049
          ],
          [
            139.25703,
            35.638909
          ],
          [
            139.256505,
            35.638839
          ],
          [
            139.255925,
            35.638761
          ],
          [
            139.255614,
            35.638587
          ],
          [
            139.255335,
            35.638447
          ],
          [
            139.255174,
            35.638447
          ],
          [
            139.254262,
            35.638796
          ],
          [
            139.253597,
            35.639546
          ],
          [
            139.253007,
            35.639903
          ],
          [
            139.251945,
            35.639842
          ],
          [
            139.251151,
            35.639633
          ],
          [
            139.250368,
            35.639581
          ],
          [
            139.249499,
            35.639598
          ],
          [
            139.248855,
            35.639502
          ],
          [
            139.248501,
            35.639459
          ],
          [
            139.247814,
            35.639711
          ],
          [
            139.24687,
            35.639877
          ],
          [
            139.245647,
            35.639929
          ],
          [
            139.245003,
            35.640104
          ],
          [
            139.24436,
            35.640182
          ],
          [
            139.243748,
            35.640112
          ],
          [
            139.243147,
            35.639956
          ],
          [
            139.24289,
            35.639799
          ],
          [
            139.242868,
            35.639328
          ],
          [
            139.24304,
            35.639136
          ],
          [
            139.243147,
            35.638918
          ],
          [
            139.243062,
            35.638761
          ]
        ]
      }
    },
    {
      "type": "Feature",
      "properties": {
        "route_id": "trail_taiko",
        "name": "太鼓曲輪尾根トレイル",
        "category": "surrounding_trail",
        "difficulty": "intermediate",
        "difficultyRating": 2,
        "crowdWeekday": 1,
        "crowdWeekend": 2,
        "distanceKm": 6,
        "durationMin": 130,
        "color": "#F472B6",
        "sourceAttribution": "出典: 高尾マナーズ (https://takao-trail-manners.jp)",
        "features": [
          "高尾マナーズ推奨",
          "歴史遺構",
          "八王子城跡連動",
          "尾根歩き"
        ],
        "description": "北高尾の太鼓曲輪尾根を辿る歴史情緒あふれるルート。八王子城跡の地形を体感できます。"
      },
      "geometry": {
        "type": "LineString",
        "coordinates": [
          [
            139.270218,
            35.632961
          ],
          [
            139.270828,
            35.634235
          ],
          [
            139.270996,
            35.637207
          ],
          [
            139.271637,
            35.639248
          ],
          [
            139.268539,
            35.639885
          ],
          [
            139.266693,
            35.641235
          ],
          [
            139.267085,
            35.641888
          ],
          [
            139.267072,
            35.642061
          ],
          [
            139.26707,
            35.642238
          ],
          [
            139.266981,
            35.642379
          ],
          [
            139.266714,
            35.642371
          ],
          [
            139.266419,
            35.642368
          ],
          [
            139.2661,
            35.642414
          ],
          [
            139.265856,
            35.642502
          ],
          [
            139.265843,
            35.642525
          ],
          [
            139.265766,
            35.642528
          ],
          [
            139.265805,
            35.642522
          ],
          [
            139.265779,
            35.642522
          ],
          [
            139.265779,
            35.642522
          ],
          [
            139.265779,
            35.642522
          ],
          [
            139.265779,
            35.642522
          ],
          [
            139.265792,
            35.642539
          ],
          [
            139.265805,
            35.642602
          ],
          [
            139.265715,
            35.642682
          ],
          [
            139.265646,
            35.642802
          ],
          [
            139.265591,
            35.642976
          ],
          [
            139.265562,
            35.6432
          ],
          [
            139.265587,
            35.64337
          ],
          [
            139.265569,
            35.643598
          ],
          [
            139.265724,
            35.643819
          ],
          [
            139.265776,
            35.644004
          ],
          [
            139.265818,
            35.644177
          ],
          [
            139.265859,
            35.644407
          ],
          [
            139.265882,
            35.644571
          ],
          [
            139.265853,
            35.644798
          ],
          [
            139.265915,
            35.64498
          ],
          [
            139.265884,
            35.645174
          ],
          [
            139.265862,
            35.64528
          ],
          [
            139.265812,
            35.645396
          ],
          [
            139.265805,
            35.645593
          ],
          [
            139.265809,
            35.645816
          ],
          [
            139.265846,
            35.646079
          ],
          [
            139.265805,
            35.646317
          ],
          [
            139.265766,
            35.646595
          ],
          [
            139.265728,
            35.646874
          ],
          [
            139.265698,
            35.647106
          ],
          [
            139.265681,
            35.647417
          ],
          [
            139.265684,
            35.64774
          ],
          [
            139.265677,
            35.648013
          ],
          [
            139.265741,
            35.64831
          ],
          [
            139.265779,
            35.648579
          ],
          [
            139.265856,
            35.648838
          ],
          [
            139.265894,
            35.649104
          ],
          [
            139.26592,
            35.649167
          ],
          [
            139.265931,
            35.649227
          ],
          [
            139.265997,
            35.649293
          ],
          [
            139.266035,
            35.649507
          ],
          [
            139.266099,
            35.649786
          ],
          [
            139.266189,
            35.650038
          ],
          [
            139.266253,
            35.650307
          ],
          [
            139.266317,
            35.650566
          ],
          [
            139.266522,
            35.65077
          ],
          [
            139.266786,
            35.650886
          ],
          [
            139.267055,
            35.651062
          ],
          [
            139.267162,
            35.651273
          ],
          [
            139.267157,
            35.651564
          ],
          [
            139.267277,
            35.651811
          ],
          [
            139.267316,
            35.652041
          ],
          [
            139.267479,
            35.652297
          ],
          [
            139.267584,
            35.652488
          ],
          [
            139.267789,
            35.652678
          ],
          [
            139.267999,
            35.652839
          ],
          [
            139.268165,
            35.653002
          ],
          [
            139.268464,
            35.653276
          ],
          [
            139.268774,
            35.653437
          ],
          [
            139.26903,
            35.653504
          ],
          [
            139.269312,
            35.653602
          ],
          [
            139.269563,
            35.653697
          ],
          [
            139.269804,
            35.653797
          ],
          [
            139.270131,
            35.653952
          ],
          [
            139.270387,
            35.654064
          ],
          [
            139.270682,
            35.654189
          ],
          [
            139.27095,
            35.654336
          ],
          [
            139.271229,
            35.654458
          ],
          [
            139.271514,
            35.654624
          ],
          [
            139.271757,
            35.654739
          ],
          [
            139.271936,
            35.65488
          ],
          [
            139.271962,
            35.654912
          ],
          [
            139.271987,
            35.654896
          ],
          [
            139.272,
            35.654915
          ],
          [
            139.272,
            35.654896
          ],
          [
            139.272038,
            35.654912
          ],
          [
            139.272038,
            35.654931
          ],
          [
            139.271936,
            35.654995
          ],
          [
            139.271846,
            35.655098
          ],
          [
            139.271821,
            35.655171
          ],
          [
            139.271834,
            35.655194
          ],
          [
            139.271834,
            35.655174
          ],
          [
            139.271821,
            35.655155
          ],
          [
            139.271834,
            35.655198
          ],
          [
            139.271834,
            35.65525
          ],
          [
            139.271929,
            35.655347
          ],
          [
            139.272,
            35.655446
          ],
          [
            139.271936,
            35.65545
          ],
          [
            139.271812,
            35.655472
          ],
          [
            139.27177,
            35.655472
          ],
          [
            139.271718,
            35.65553
          ],
          [
            139.27159,
            35.655731
          ],
          [
            139.271539,
            35.655827
          ],
          [
            139.271565,
            35.655834
          ],
          [
            139.271565,
            35.655834
          ],
          [
            139.27159,
            35.65585
          ],
          [
            139.271667,
            35.655878
          ],
          [
            139.271693,
            35.655907
          ],
          [
            139.271654,
            35.655866
          ],
          [
            139.27159,
            35.655824
          ],
          [
            139.27159,
            35.655824
          ],
          [
            139.27159,
            35.655843
          ],
          [
            139.27168,
            35.655894
          ],
          [
            139.271667,
            35.65593
          ],
          [
            139.271616,
            35.65591
          ],
          [
            139.271539,
            35.655942
          ],
          [
            139.27145,
            35.655914
          ],
          [
            139.271347,
            35.655875
          ],
          [
            139.271283,
            35.655891
          ],
          [
            139.271283,
            35.655891
          ],
          [
            139.271219,
            35.655875
          ],
          [
            139.271027,
            35.655866
          ],
          [
            139.270925,
            35.655853
          ],
          [
            139.270784,
            35.655914
          ],
          [
            139.27063,
            35.655942
          ],
          [
            139.270477,
            35.655994
          ],
          [
            139.27031,
            35.655971
          ],
          [
            139.270106,
            35.655917
          ],
          [
            139.269939,
            35.655875
          ],
          [
            139.26976,
            35.655869
          ],
          [
            139.269542,
            35.655898
          ],
          [
            139.269312,
            35.65583
          ],
          [
            139.26919,
            35.655717
          ],
          [
            139.268997,
            35.655715
          ],
          [
            139.268859,
            35.655654
          ],
          [
            139.268717,
            35.655572
          ],
          [
            139.268646,
            35.655574
          ],
          [
            139.268646,
            35.655555
          ],
          [
            139.268595,
            35.655552
          ],
          [
            139.26857,
            35.655533
          ],
          [
            139.268442,
            35.655594
          ],
          [
            139.268278,
            35.65557
          ],
          [
            139.26816,
            35.65561
          ],
          [
            139.268075,
            35.655653
          ],
          [
            139.26807,
            35.65567
          ],
          [
            139.26793,
            35.655651
          ],
          [
            139.267866,
            35.655584
          ],
          [
            139.267853,
            35.65561
          ],
          [
            139.267789,
            35.655568
          ],
          [
            139.267763,
            35.655565
          ],
          [
            139.267759,
            35.655558
          ],
          [
            139.267743,
            35.655556
          ],
          [
            139.267727,
            35.655554
          ],
          [
            139.267712,
            35.655552
          ],
          [
            139.267635,
            35.655475
          ],
          [
            139.267584,
            35.655469
          ],
          [
            139.267507,
            35.655398
          ],
          [
            139.267409,
            35.655329
          ],
          [
            139.267427,
            35.655331
          ],
          [
            139.267443,
            35.655347
          ],
          [
            139.267443,
            35.655347
          ],
          [
            139.267354,
            35.65527
          ],
          [
            139.267328,
            35.65529
          ],
          [
            139.267207,
            35.655214
          ],
          [
            139.267149,
            35.655136
          ],
          [
            139.267085,
            35.655037
          ],
          [
            139.267046,
            35.654982
          ],
          [
            139.267034,
            35.654931
          ],
          [
            139.266803,
            35.654915
          ],
          [
            139.266726,
            35.65497
          ],
          [
            139.266534,
            35.655072
          ],
          [
            139.266342,
            35.655125
          ],
          [
            139.266092,
            35.655196
          ],
          [
            139.265946,
            35.655274
          ],
          [
            139.265856,
            35.655373
          ],
          [
            139.265726,
            35.655553
          ],
          [
            139.265659,
            35.655687
          ],
          [
            139.265589,
            35.655749
          ],
          [
            139.265511,
            35.655783
          ],
          [
            139.265459,
            35.655792
          ],
          [
            139.265344,
            35.655811
          ],
          [
            139.265203,
            35.655728
          ],
          [
            139.264994,
            35.65562
          ],
          [
            139.264793,
            35.655522
          ],
          [
            139.264597,
            35.655412
          ],
          [
            139.264384,
            35.65528
          ],
          [
            139.264256,
            35.655248
          ],
          [
            139.264144,
            35.655226
          ],
          [
            139.264013,
            35.655187
          ],
          [
            139.263936,
            35.65519
          ],
          [
            139.263834,
            35.655162
          ],
          [
            139.263718,
            35.655024
          ],
          [
            139.263424,
            35.654877
          ],
          [
            139.263305,
            35.654814
          ],
          [
            139.263246,
            35.654815
          ],
          [
            139.263181,
            35.654778
          ],
          [
            139.263091,
            35.654762
          ],
          [
            139.262925,
            35.654739
          ],
          [
            139.262822,
            35.654784
          ],
          [
            139.262758,
            35.654758
          ],
          [
            139.262682,
            35.65471
          ],
          [
            139.262495,
            35.654575
          ],
          [
            139.262334,
            35.654499
          ],
          [
            139.262253,
            35.65446
          ],
          [
            139.262144,
            35.654418
          ],
          [
            139.261855,
            35.654213
          ],
          [
            139.261652,
            35.654126
          ],
          [
            139.261501,
            35.654093
          ],
          [
            139.261337,
            35.654026
          ],
          [
            139.261274,
            35.653971
          ],
          [
            139.261274,
            35.653971
          ],
          [
            139.261184,
            35.653933
          ],
          [
            139.261133,
            35.653923
          ],
          [
            139.261094,
            35.653872
          ],
          [
            139.260966,
            35.653779
          ],
          [
            139.260928,
            35.653718
          ],
          [
            139.260813,
            35.6536
          ],
          [
            139.260787,
            35.653571
          ],
          [
            139.260702,
            35.653603
          ],
          [
            139.260698,
            35.653606
          ],
          [
            139.260736,
            35.653619
          ],
          [
            139.260736,
            35.653619
          ],
          [
            139.260672,
            35.653587
          ],
          [
            139.260672,
            35.65353
          ],
          [
            139.260646,
            35.653501
          ],
          [
            139.260587,
            35.653506
          ],
          [
            139.260544,
            35.653474
          ],
          [
            139.260557,
            35.653424
          ],
          [
            139.26057,
            35.653427
          ],
          [
            139.26048,
            35.653309
          ],
          [
            139.260403,
            35.65321
          ],
          [
            139.260289,
            35.653133
          ],
          [
            139.260094,
            35.652988
          ],
          [
            139.260071,
            35.652976
          ],
          [
            139.260049,
            35.652965
          ],
          [
            139.260033,
            35.65295
          ],
          [
            139.260009,
            35.652925
          ],
          [
            139.259984,
            35.6529
          ],
          [
            139.259948,
            35.652875
          ],
          [
            139.259904,
            35.652858
          ],
          [
            139.259857,
            35.65279
          ],
          [
            139.259776,
            35.652733
          ],
          [
            139.25968,
            35.652696
          ],
          [
            139.259558,
            35.652691
          ],
          [
            139.259341,
            35.652673
          ],
          [
            139.259324,
            35.652683
          ],
          [
            139.259273,
            35.652659
          ],
          [
            139.2592,
            35.65263
          ],
          [
            139.259035,
            35.652612
          ],
          [
            139.258982,
            35.652614
          ],
          [
            139.258982,
            35.652614
          ],
          [
            139.258982,
            35.652614
          ],
          [
            139.258982,
            35.652614
          ],
          [
            139.258982,
            35.652614
          ],
          [
            139.25897,
            35.652592
          ],
          [
            139.259008,
            35.652579
          ],
          [
            139.258982,
            35.652579
          ],
          [
            139.258946,
            35.652567
          ],
          [
            139.258952,
            35.65253
          ],
          [
            139.258967,
            35.652486
          ],
          [
            139.259021,
            35.652432
          ],
          [
            139.258957,
            35.652438
          ],
          [
            139.258957,
            35.652438
          ],
          [
            139.258957,
            35.652438
          ],
          [
            139.258931,
            35.652451
          ],
          [
            139.258867,
            35.652448
          ],
          [
            139.258803,
            35.65247
          ],
          [
            139.258739,
            35.652486
          ],
          [
            139.258586,
            35.652381
          ],
          [
            139.25846,
            35.652259
          ],
          [
            139.25839,
            35.652124
          ],
          [
            139.258344,
            35.652106
          ],
          [
            139.258304,
            35.652102
          ],
          [
            139.258304,
            35.652102
          ],
          [
            139.258189,
            35.652064
          ],
          [
            139.258163,
            35.65207
          ],
          [
            139.258099,
            35.652054
          ],
          [
            139.258061,
            35.652042
          ],
          [
            139.257946,
            35.651978
          ],
          [
            139.257869,
            35.651942
          ],
          [
            139.257869,
            35.651942
          ],
          [
            139.257894,
            35.651914
          ],
          [
            139.25792,
            35.651817
          ],
          [
            139.257828,
            35.651837
          ],
          [
            139.257766,
            35.651872
          ],
          [
            139.257715,
            35.651882
          ],
          [
            139.257741,
            35.651878
          ],
          [
            139.257741,
            35.651878
          ],
          [
            139.257766,
            35.651862
          ],
          [
            139.25783,
            35.651818
          ],
          [
            139.257776,
            35.651764
          ],
          [
            139.257737,
            35.651744
          ],
          [
            139.257702,
            35.651725
          ],
          [
            139.257638,
            35.651696
          ],
          [
            139.257587,
            35.651683
          ],
          [
            139.257523,
            35.651616
          ],
          [
            139.257523,
            35.651501
          ],
          [
            139.25751,
            35.651405
          ],
          [
            139.257459,
            35.651229
          ],
          [
            139.25737,
            35.651085
          ],
          [
            139.257306,
            35.650973
          ],
          [
            139.257178,
            35.650813
          ],
          [
            139.257133,
            35.650728
          ],
          [
            139.257112,
            35.650667
          ],
          [
            139.257075,
            35.650608
          ],
          [
            139.257037,
            35.650531
          ],
          [
            139.256922,
            35.650374
          ],
          [
            139.256781,
            35.650256
          ],
          [
            139.256643,
            35.650089
          ],
          [
            139.256563,
            35.650006
          ],
          [
            139.256384,
            35.649898
          ],
          [
            139.256225,
            35.649788
          ],
          [
            139.256126,
            35.649674
          ],
          [
            139.256104,
            35.649596
          ],
          [
            139.256048,
            35.649547
          ],
          [
            139.255962,
            35.649536
          ],
          [
            139.255872,
            35.649459
          ],
          [
            139.2558,
            35.649371
          ],
          [
            139.255698,
            35.649312
          ],
          [
            139.255584,
            35.649227
          ],
          [
            139.25545,
            35.649117
          ],
          [
            139.255309,
            35.649034
          ],
          [
            139.255194,
            35.648973
          ],
          [
            139.255042,
            35.648907
          ],
          [
            139.254947,
            35.64883
          ],
          [
            139.254845,
            35.648733
          ],
          [
            139.254788,
            35.648591
          ],
          [
            139.254664,
            35.648464
          ],
          [
            139.254555,
            35.648396
          ],
          [
            139.254509,
            35.648356
          ],
          [
            139.254426,
            35.648301
          ],
          [
            139.254285,
            35.648173
          ],
          [
            139.254118,
            35.648061
          ],
          [
            139.254003,
            35.647946
          ],
          [
            139.253929,
            35.64783
          ],
          [
            139.253868,
            35.647723
          ],
          [
            139.253844,
            35.647635
          ],
          [
            139.253804,
            35.647508
          ],
          [
            139.253773,
            35.647414
          ],
          [
            139.253734,
            35.647297
          ],
          [
            139.253715,
            35.647168
          ],
          [
            139.253721,
            35.647064
          ],
          [
            139.253732,
            35.646975
          ],
          [
            139.253729,
            35.646912
          ],
          [
            139.253722,
            35.646814
          ],
          [
            139.253734,
            35.646752
          ],
          [
            139.253722,
            35.646634
          ],
          [
            139.253696,
            35.646531
          ],
          [
            139.253619,
            35.646458
          ],
          [
            139.253568,
            35.646365
          ],
          [
            139.253568,
            35.646365
          ],
          [
            139.253555,
            35.646339
          ],
          [
            139.253527,
            35.646293
          ],
          [
            139.253455,
            35.646246
          ],
          [
            139.253402,
            35.646198
          ],
          [
            139.253402,
            35.646198
          ],
          [
            139.253333,
            35.646149
          ],
          [
            139.253322,
            35.646086
          ],
          [
            139.253307,
            35.646041
          ],
          [
            139.253299,
            35.646019
          ],
          [
            139.253298,
            35.645954
          ],
          [
            139.253256,
            35.645906
          ],
          [
            139.253223,
            35.6459
          ],
          [
            139.25321,
            35.645898
          ],
          [
            139.25321,
            35.645898
          ],
          [
            139.253184,
            35.645882
          ],
          [
            139.253166,
            35.645874
          ],
          [
            139.25316,
            35.645884
          ],
          [
            139.253154,
            35.645894
          ],
          [
            139.253148,
            35.645904
          ],
          [
            139.253184,
            35.645885
          ],
          [
            139.253171,
            35.645901
          ],
          [
            139.253171,
            35.645901
          ],
          [
            139.253171,
            35.645901
          ],
          [
            139.25318,
            35.645883
          ],
          [
            139.253195,
            35.645886
          ],
          [
            139.253211,
            35.645888
          ],
          [
            139.253226,
            35.645891
          ],
          [
            139.253242,
            35.645893
          ],
          [
            139.253248,
            35.645894
          ],
          [
            139.253248,
            35.645869
          ],
          [
            139.253235,
            35.645843
          ],
          [
            139.253235,
            35.645843
          ],
          [
            139.253235,
            35.645805
          ],
          [
            139.253295,
            35.645763
          ],
          [
            139.253346,
            35.64571
          ],
          [
            139.253397,
            35.645637
          ],
          [
            139.253543,
            35.645527
          ],
          [
            139.253789,
            35.645311
          ],
          [
            139.254003,
            35.645191
          ],
          [
            139.254262,
            35.645122
          ],
          [
            139.25438,
            35.645016
          ],
          [
            139.254541,
            35.64481
          ],
          [
            139.254616,
            35.644648
          ],
          [
            139.25472,
            35.64447
          ],
          [
            139.254798,
            35.644441
          ],
          [
            139.255149,
            35.644342
          ],
          [
            139.255251,
            35.644301
          ],
          [
            139.255343,
            35.644298
          ],
          [
            139.255448,
            35.644279
          ],
          [
            139.255491,
            35.644254
          ],
          [
            139.255693,
            35.644199
          ],
          [
            139.255944,
            35.644125
          ],
          [
            139.256057,
            35.644061
          ],
          [
            139.256159,
            35.644013
          ],
          [
            139.256243,
            35.64399
          ],
          [
            139.25632,
            35.643971
          ],
          [
            139.256397,
            35.643956
          ],
          [
            139.256448,
            35.643961
          ],
          [
            139.256474,
            35.643942
          ],
          [
            139.256499,
            35.64391
          ],
          [
            139.256554,
            35.643834
          ],
          [
            139.256608,
            35.643799
          ],
          [
            139.25684,
            35.643719
          ],
          [
            139.256951,
            35.643704
          ],
          [
            139.256972,
            35.643717
          ],
          [
            139.256993,
            35.64373
          ],
          [
            139.257014,
            35.643743
          ],
          [
            139.257035,
            35.643756
          ],
          [
            139.257189,
            35.643845
          ],
          [
            139.25727,
            35.643949
          ],
          [
            139.257291,
            35.64401
          ],
          [
            139.257367,
            35.644175
          ],
          [
            139.257446,
            35.644326
          ],
          [
            139.25751,
            35.644472
          ],
          [
            139.257585,
            35.644565
          ],
          [
            139.257674,
            35.644639
          ],
          [
            139.257856,
            35.644658
          ],
          [
            139.25798,
            35.644674
          ],
          [
            139.258187,
            35.644706
          ],
          [
            139.258393,
            35.644749
          ],
          [
            139.258545,
            35.644741
          ],
          [
            139.258679,
            35.644722
          ],
          [
            139.258765,
            35.644698
          ],
          [
            139.258765,
            35.644698
          ],
          [
            139.258803,
            35.644643
          ],
          [
            139.258854,
            35.644608
          ],
          [
            139.258837,
            35.644556
          ],
          [
            139.258818,
            35.644535
          ],
          [
            139.258816,
            35.644455
          ],
          [
            139.258869,
            35.644412
          ],
          [
            139.259042,
            35.644389
          ],
          [
            139.259221,
            35.64434
          ],
          [
            139.259348,
            35.64428
          ],
          [
            139.259482,
            35.644117
          ],
          [
            139.259512,
            35.644042
          ],
          [
            139.259518,
            35.643999
          ],
          [
            139.259576,
            35.643959
          ],
          [
            139.259685,
            35.643871
          ],
          [
            139.259814,
            35.643862
          ],
          [
            139.26,
            35.643829
          ],
          [
            139.26028,
            35.64383
          ],
          [
            139.260441,
            35.643879
          ],
          [
            139.260666,
            35.643867
          ],
          [
            139.260806,
            35.643824
          ],
          [
            139.261095,
            35.643722
          ],
          [
            139.261303,
            35.643658
          ],
          [
            139.26144,
            35.643557
          ],
          [
            139.261613,
            35.643438
          ],
          [
            139.26172,
            35.643371
          ],
          [
            139.261837,
            35.643274
          ],
          [
            139.261989,
            35.643214
          ],
          [
            139.262219,
            35.643194
          ],
          [
            139.262453,
            35.643119
          ],
          [
            139.262653,
            35.643012
          ],
          [
            139.262899,
            35.642925
          ],
          [
            139.263092,
            35.642893
          ],
          [
            139.263247,
            35.642903
          ],
          [
            139.263601,
            35.642862
          ],
          [
            139.263709,
            35.642856
          ],
          [
            139.263772,
            35.642863
          ],
          [
            139.263827,
            35.642879
          ],
          [
            139.263881,
            35.642897
          ],
          [
            139.263987,
            35.64296
          ],
          [
            139.263987,
            35.64296
          ],
          [
            139.263987,
            35.64296
          ],
          [
            139.264024,
            35.64296
          ],
          [
            139.264051,
            35.64296
          ],
          [
            139.264077,
            35.64296
          ],
          [
            139.26438,
            35.642831
          ],
          [
            139.264485,
            35.642769
          ],
          [
            139.264544,
            35.642749
          ],
          [
            139.264686,
            35.642665
          ],
          [
            139.264909,
            35.642623
          ],
          [
            139.264878,
            35.64272
          ],
          [
            139.264755,
            35.642839
          ],
          [
            139.264929,
            35.642843
          ],
          [
            139.26527,
            35.642713
          ],
          [
            139.265528,
            35.6426
          ],
          [
            139.265805,
            35.642586
          ],
          [
            139.265856,
            35.642541
          ],
          [
            139.265907,
            35.64249
          ],
          [
            139.266031,
            35.642456
          ],
          [
            139.266178,
            35.642434
          ],
          [
            139.266342,
            35.642445
          ],
          [
            139.266509,
            35.642406
          ],
          [
            139.266803,
            35.642445
          ],
          [
            139.267046,
            35.642337
          ],
          [
            139.26711,
            35.642048
          ],
          [
            139.267085,
            35.641798
          ],
          [
            139.266995,
            35.641491
          ],
          [
            139.266931,
            35.641402
          ],
          [
            139.266893,
            35.641414
          ],
          [
            139.266893,
            35.641414
          ],
          [
            139.266752,
            35.641286
          ],
          [
            139.26688,
            35.640979
          ],
          [
            139.266931,
            35.640685
          ],
          [
            139.266982,
            35.640432
          ],
          [
            139.266957,
            35.640218
          ],
          [
            139.266999,
            35.640137
          ],
          [
            139.267156,
            35.640133
          ],
          [
            139.267426,
            35.640099
          ],
          [
            139.267786,
            35.640087
          ],
          [
            139.268071,
            35.640117
          ],
          [
            139.268265,
            35.640058
          ],
          [
            139.268512,
            35.639883
          ],
          [
            139.268578,
            35.639829
          ],
          [
            139.268589,
            35.639828
          ],
          [
            139.2686,
            35.639826
          ],
          [
            139.268611,
            35.639825
          ],
          [
            139.268622,
            35.639824
          ],
          [
            139.268632,
            35.639823
          ],
          [
            139.268643,
            35.639821
          ],
          [
            139.268869,
            35.639768
          ],
          [
            139.269123,
            35.639754
          ],
          [
            139.26952,
            35.639716
          ],
          [
            139.269836,
            35.639684
          ],
          [
            139.270164,
            35.639696
          ],
          [
            139.270509,
            35.639741
          ],
          [
            139.270887,
            35.639714
          ],
          [
            139.271155,
            35.639648
          ],
          [
            139.271448,
            35.639567
          ],
          [
            139.271661,
            35.639442
          ],
          [
            139.271533,
            35.639147
          ],
          [
            139.271421,
            35.638902
          ],
          [
            139.271347,
            35.638608
          ],
          [
            139.271334,
            35.638352
          ],
          [
            139.271283,
            35.63808
          ],
          [
            139.271258,
            35.637805
          ],
          [
            139.271117,
            35.637594
          ],
          [
            139.271027,
            35.637338
          ],
          [
            139.270886,
            35.637107
          ],
          [
            139.270821,
            35.636864
          ],
          [
            139.270733,
            35.636595
          ],
          [
            139.270682,
            35.636344
          ],
          [
            139.27062,
            35.636083
          ],
          [
            139.270502,
            35.63585
          ],
          [
            139.270426,
            35.635727
          ],
          [
            139.270426,
            35.635674
          ],
          [
            139.270413,
            35.635539
          ],
          [
            139.27037,
            35.635333
          ],
          [
            139.27049,
            35.63504
          ],
          [
            139.2706,
            35.634845
          ],
          [
            139.270715,
            35.634777
          ],
          [
            139.270751,
            35.634769
          ],
          [
            139.270759,
            35.634761
          ],
          [
            139.270766,
            35.634754
          ],
          [
            139.270774,
            35.634746
          ],
          [
            139.270782,
            35.634738
          ],
          [
            139.270789,
            35.634731
          ],
          [
            139.270797,
            35.634723
          ],
          [
            139.270805,
            35.634715
          ],
          [
            139.270812,
            35.634708
          ],
          [
            139.27082,
            35.6347
          ],
          [
            139.270828,
            35.634692
          ],
          [
            139.270835,
            35.634685
          ],
          [
            139.270843,
            35.634677
          ],
          [
            139.27085,
            35.63467
          ],
          [
            139.270858,
            35.634662
          ],
          [
            139.270866,
            35.634654
          ],
          [
            139.270873,
            35.634647
          ],
          [
            139.270822,
            35.6345
          ],
          [
            139.27085,
            35.634231
          ],
          [
            139.270868,
            35.634087
          ],
          [
            139.270733,
            35.633872
          ],
          [
            139.270592,
            35.633632
          ],
          [
            139.270459,
            35.633414
          ],
          [
            139.270311,
            35.6332
          ],
          [
            139.270203,
            35.633027
          ],
          [
            139.270221,
            35.632909
          ],
          [
            139.270242,
            35.632809
          ]
        ]
      }
    },
    {
      "type": "Feature",
      "properties": {
        "route_id": "trail_kogezawa",
        "name": "小下沢林道トレイル",
        "category": "surrounding_trail",
        "difficulty": "intermediate",
        "difficultyRating": 2,
        "crowdWeekday": 1,
        "crowdWeekend": 1,
        "distanceKm": 7,
        "durationMin": 140,
        "color": "#FBBF24",
        "sourceAttribution": "出典: 高尾マナーズ (https://takao-trail-manners.jp)",
        "features": [
          "高尾マナーズ推奨",
          "小下沢清流",
          "キャンプ場跡",
          "緩やか林道"
        ],
        "description": "小下沢沿いの木漏れ日あふれる林道トレイル。清流のせせらぎを聞きながら走れるフラット主体のコース。"
      },
      "geometry": {
        "type": "LineString",
        "coordinates": [
          [
            139.270221,
            35.632579
          ],
          [
            139.270131,
            35.632976
          ],
          [
            139.270374,
            35.633546
          ],
          [
            139.27072,
            35.634051
          ],
          [
            139.270707,
            35.634614
          ],
          [
            139.270579,
            35.634918
          ],
          [
            139.270502,
            35.635155
          ],
          [
            139.2704,
            35.635859
          ],
          [
            139.270451,
            35.636019
          ],
          [
            139.27049,
            35.636211
          ],
          [
            139.270566,
            35.63639
          ],
          [
            139.270618,
            35.636602
          ],
          [
            139.270784,
            35.636883
          ],
          [
            139.270861,
            35.637008
          ],
          [
            139.270938,
            35.637146
          ],
          [
            139.270976,
            35.637264
          ],
          [
            139.27104,
            35.637386
          ],
          [
            139.271091,
            35.637501
          ],
          [
            139.27113,
            35.637626
          ],
          [
            139.271142,
            35.637754
          ],
          [
            139.271181,
            35.637965
          ],
          [
            139.271245,
            35.638115
          ],
          [
            139.27127,
            35.638259
          ],
          [
            139.271296,
            35.638419
          ],
          [
            139.271334,
            35.638541
          ],
          [
            139.27136,
            35.638691
          ],
          [
            139.271398,
            35.638832
          ],
          [
            139.27145,
            35.638986
          ],
          [
            139.271539,
            35.639114
          ],
          [
            139.271667,
            35.639251
          ],
          [
            139.271821,
            35.639421
          ],
          [
            139.271296,
            35.639562
          ],
          [
            139.270579,
            35.639712
          ],
          [
            139.269862,
            35.639587
          ],
          [
            139.269146,
            35.639693
          ],
          [
            139.268493,
            35.639904
          ],
          [
            139.267802,
            35.640067
          ],
          [
            139.267085,
            35.640118
          ],
          [
            139.266368,
            35.640118
          ],
          [
            139.265638,
            35.640202
          ],
          [
            139.26496,
            35.64009
          ],
          [
            139.264358,
            35.640288
          ],
          [
            139.263642,
            35.640118
          ],
          [
            139.262938,
            35.639923
          ],
          [
            139.262298,
            35.639779
          ],
          [
            139.26176,
            35.639443
          ],
          [
            139.261504,
            35.639421
          ],
          [
            139.261274,
            35.639386
          ],
          [
            139.261107,
            35.639366
          ],
          [
            139.260941,
            35.639363
          ],
          [
            139.260685,
            35.639325
          ],
          [
            139.260518,
            35.639389
          ],
          [
            139.260339,
            35.639334
          ],
          [
            139.26007,
            35.639216
          ],
          [
            139.259827,
            35.639091
          ],
          [
            139.259418,
            35.639069
          ],
          [
            139.259187,
            35.639014
          ],
          [
            139.259021,
            35.638966
          ],
          [
            139.258778,
            35.638896
          ],
          [
            139.258547,
            35.638832
          ],
          [
            139.258381,
            35.638928
          ],
          [
            139.258176,
            35.638867
          ],
          [
            139.25801,
            35.63879
          ],
          [
            139.257843,
            35.63873
          ],
          [
            139.257664,
            35.638666
          ],
          [
            139.257472,
            35.638637
          ],
          [
            139.257344,
            35.638554
          ],
          [
            139.25719,
            35.638486
          ],
          [
            139.257062,
            35.638538
          ],
          [
            139.256896,
            35.638387
          ],
          [
            139.256243,
            35.638195
          ],
          [
            139.255923,
            35.637917
          ],
          [
            139.255411,
            35.637824
          ],
          [
            139.255219,
            35.638026
          ],
          [
            139.255232,
            35.638438
          ],
          [
            139.254618,
            35.638592
          ],
          [
            139.254144,
            35.638947
          ],
          [
            139.253786,
            35.639312
          ],
          [
            139.253555,
            35.639475
          ],
          [
            139.253427,
            35.639571
          ],
          [
            139.253299,
            35.639728
          ],
          [
            139.253158,
            35.639811
          ],
          [
            139.252979,
            35.639872
          ],
          [
            139.252698,
            35.639859
          ],
          [
            139.252467,
            35.639843
          ],
          [
            139.252109,
            35.639798
          ],
          [
            139.251802,
            35.63975
          ],
          [
            139.251341,
            35.639645
          ],
          [
            139.250944,
            35.639562
          ],
          [
            139.250726,
            35.639539
          ],
          [
            139.250534,
            35.63953
          ],
          [
            139.250304,
            35.639542
          ],
          [
            139.250074,
            35.639558
          ],
          [
            139.249843,
            35.639549
          ],
          [
            139.2496,
            35.639581
          ],
          [
            139.249395,
            35.639587
          ],
          [
            139.24919,
            35.639558
          ],
          [
            139.24896,
            35.639488
          ],
          [
            139.248768,
            35.639523
          ],
          [
            139.248691,
            35.639622
          ],
          [
            139.248627,
            35.639763
          ],
          [
            139.248563,
            35.639891
          ],
          [
            139.248576,
            35.640029
          ],
          [
            139.248678,
            35.640134
          ],
          [
            139.248819,
            35.640176
          ],
          [
            139.248947,
            35.640214
          ],
          [
            139.249114,
            35.640246
          ],
          [
            139.249216,
            35.640336
          ],
          [
            139.249408,
            35.640522
          ],
          [
            139.249587,
            35.640541
          ],
          [
            139.249766,
            35.64056
          ],
          [
            139.249984,
            35.640576
          ],
          [
            139.250202,
            35.640586
          ],
          [
            139.250394,
            35.64064
          ],
          [
            139.250547,
            35.640742
          ],
          [
            139.250957,
            35.640717
          ],
          [
            139.251405,
            35.640739
          ],
          [
            139.250931,
            35.641322
          ],
          [
            139.251622,
            35.641213
          ],
          [
            139.252058,
            35.641222
          ],
          [
            139.252224,
            35.641267
          ],
          [
            139.252365,
            35.641338
          ],
          [
            139.252493,
            35.641389
          ],
          [
            139.25271,
            35.641402
          ],
          [
            139.252915,
            35.641437
          ],
          [
            139.253082,
            35.641536
          ],
          [
            139.253133,
            35.641648
          ],
          [
            139.253158,
            35.64177
          ],
          [
            139.253082,
            35.641891
          ],
          [
            139.252992,
            35.642003
          ],
          [
            139.252941,
            35.641949
          ],
          [
            139.252826,
            35.641952
          ],
          [
            139.25271,
            35.641946
          ],
          [
            139.252634,
            35.642006
          ],
          [
            139.252237,
            35.642112
          ],
          [
            139.251981,
            35.642342
          ],
          [
            139.251699,
            35.642346
          ],
          [
            139.251328,
            35.642314
          ],
          [
            139.250803,
            35.642419
          ],
          [
            139.250995,
            35.642592
          ],
          [
            139.251008,
            35.642726
          ],
          [
            139.250867,
            35.642762
          ],
          [
            139.250752,
            35.642902
          ],
          [
            139.250701,
            35.642998
          ],
          [
            139.250675,
            35.64312
          ],
          [
            139.250675,
            35.643232
          ],
          [
            139.250598,
            35.643357
          ],
          [
            139.250522,
            35.643475
          ],
          [
            139.250432,
            35.643594
          ],
          [
            139.25033,
            35.643677
          ],
          [
            139.25015,
            35.643718
          ],
          [
            139.249958,
            35.643718
          ],
          [
            139.249766,
            35.643674
          ],
          [
            139.249587,
            35.643613
          ],
          [
            139.249344,
            35.643571
          ],
          [
            139.24919,
            35.643533
          ],
          [
            139.249024,
            35.643491
          ],
          [
            139.24887,
            35.643504
          ],
          [
            139.248691,
            35.643581
          ],
          [
            139.248525,
            35.643558
          ],
          [
            139.248371,
            35.643571
          ],
          [
            139.248205,
            35.643603
          ],
          [
            139.248026,
            35.643562
          ],
          [
            139.247859,
            35.643562
          ],
          [
            139.247706,
            35.643565
          ],
          [
            139.247565,
            35.643661
          ],
          [
            139.247462,
            35.643782
          ],
          [
            139.247334,
            35.643891
          ],
          [
            139.247194,
            35.644006
          ],
          [
            139.247027,
            35.644118
          ],
          [
            139.24695,
            35.644234
          ],
          [
            139.246835,
            35.644298
          ],
          [
            139.246669,
            35.644368
          ],
          [
            139.24649,
            35.644435
          ],
          [
            139.246387,
            35.644528
          ],
          [
            139.246118,
            35.644595
          ],
          [
            139.245926,
            35.644563
          ],
          [
            139.245683,
            35.644576
          ],
          [
            139.24544,
            35.644771
          ],
          [
            139.245325,
            35.64503
          ],
          [
            139.245363,
            35.645181
          ],
          [
            139.245363,
            35.645328
          ],
          [
            139.245325,
            35.645446
          ],
          [
            139.245107,
            35.64567
          ],
          [
            139.245082,
            35.645798
          ],
          [
            139.245146,
            35.64616
          ],
          [
            139.245146,
            35.646342
          ],
          [
            139.24512,
            35.646477
          ],
          [
            139.245082,
            35.646656
          ],
          [
            139.244928,
            35.646874
          ],
          [
            139.244902,
            35.646992
          ],
          [
            139.244877,
            35.647136
          ],
          [
            139.244749,
            35.647309
          ],
          [
            139.244634,
            35.647475
          ],
          [
            139.244531,
            35.64761
          ],
          [
            139.244493,
            35.647702
          ],
          [
            139.244326,
            35.647786
          ],
          [
            139.244186,
            35.647946
          ],
          [
            139.244032,
            35.64808
          ],
          [
            139.243994,
            35.648189
          ],
          [
            139.243968,
            35.648307
          ],
          [
            139.243917,
            35.648371
          ],
          [
            139.243802,
            35.648499
          ],
          [
            139.243648,
            35.648576
          ],
          [
            139.24352,
            35.648669
          ],
          [
            139.243418,
            35.648957
          ],
          [
            139.243251,
            35.64912
          ],
          [
            139.243072,
            35.649283
          ],
          [
            139.24297,
            35.649389
          ],
          [
            139.242816,
            35.649478
          ],
          [
            139.242624,
            35.649507
          ],
          [
            139.242458,
            35.649667
          ],
          [
            139.24233,
            35.649789
          ],
          [
            139.242266,
            35.649898
          ],
          [
            139.242202,
            35.650038
          ],
          [
            139.241971,
            35.650093
          ],
          [
            139.241318,
            35.650246
          ],
          [
            139.241075,
            35.650307
          ],
          [
            139.240755,
            35.650595
          ],
          [
            139.240205,
            35.650922
          ],
          [
            139.24,
            35.651037
          ],
          [
            139.239898,
            35.651146
          ],
          [
            139.239834,
            35.651299
          ],
          [
            139.239757,
            35.651414
          ],
          [
            139.239501,
            35.651494
          ],
          [
            139.239232,
            35.651523
          ],
          [
            139.238963,
            35.651581
          ],
          [
            139.23881,
            35.651635
          ],
          [
            139.238707,
            35.651635
          ],
          [
            139.238566,
            35.651667
          ],
          [
            139.238413,
            35.651606
          ],
          [
            139.237965,
            35.651469
          ],
          [
            139.23753,
            35.651248
          ],
          [
            139.237107,
            35.65112
          ],
          [
            139.236928,
            35.651027
          ],
          [
            139.236787,
            35.650944
          ],
          [
            139.236723,
            35.65073
          ],
          [
            139.236557,
            35.650506
          ],
          [
            139.236416,
            35.650451
          ],
          [
            139.235891,
            35.650646
          ],
          [
            139.235443,
            35.650845
          ],
          [
            139.235149,
            35.650874
          ],
          [
            139.234854,
            35.650829
          ],
          [
            139.234509,
            35.650851
          ],
          [
            139.234278,
            35.650714
          ],
          [
            139.23415,
            35.650634
          ],
          [
            139.233984,
            35.65056
          ],
          [
            139.233843,
            35.650467
          ],
          [
            139.233677,
            35.650477
          ],
          [
            139.233434,
            35.650563
          ],
          [
            139.233318,
            35.650614
          ],
          [
            139.233229,
            35.650723
          ],
          [
            139.233152,
            35.65088
          ],
          [
            139.232986,
            35.650947
          ],
          [
            139.232755,
            35.651021
          ],
          [
            139.232589,
            35.651082
          ],
          [
            139.232448,
            35.651069
          ],
          [
            139.232128,
            35.650861
          ],
          [
            139.231872,
            35.65065
          ],
          [
            139.23168,
            35.65057
          ],
          [
            139.231181,
            35.650675
          ],
          [
            139.230579,
            35.650826
          ],
          [
            139.230054,
            35.651037
          ],
          [
            139.229747,
            35.651142
          ],
          [
            139.229504,
            35.651299
          ],
          [
            139.229299,
            35.651382
          ],
          [
            139.229069,
            35.651606
          ],
          [
            139.228851,
            35.651757
          ],
          [
            139.228365,
            35.652134
          ],
          [
            139.228134,
            35.65231
          ],
          [
            139.227878,
            35.652352
          ],
          [
            139.227686,
            35.652413
          ],
          [
            139.227482,
            35.652458
          ],
          [
            139.227328,
            35.652509
          ],
          [
            139.227162,
            35.652538
          ],
          [
            139.226496,
            35.65271
          ],
          [
            139.226406,
            35.652275
          ],
          [
            139.226419,
            35.651757
          ],
          [
            139.226752,
            35.651264
          ],
          [
            139.226995,
            35.650909
          ],
          [
            139.226816,
            35.650474
          ],
          [
            139.226714,
            35.650016
          ],
          [
            139.226624,
            35.649421
          ],
          [
            139.226867,
            35.649302
          ],
          [
            139.227123,
            35.64929
          ],
          [
            139.227827,
            35.649158
          ],
          [
            139.227968,
            35.648659
          ],
          [
            139.228186,
            35.64808
          ],
          [
            139.228186,
            35.647744
          ],
          [
            139.228186,
            35.64759
          ],
          [
            139.228659,
            35.647293
          ],
          [
            139.229261,
            35.64696
          ],
          [
            139.229978,
            35.64671
          ],
          [
            139.230682,
            35.646682
          ],
          [
            139.231373,
            35.646707
          ],
          [
            139.23168,
            35.646182
          ],
          [
            139.232269,
            35.64592
          ],
          [
            139.23296,
            35.645651
          ],
          [
            139.233626,
            35.645741
          ],
          [
            139.234381,
            35.645859
          ],
          [
            139.235072,
            35.645696
          ],
          [
            139.235546,
            35.645686
          ],
          [
            139.236173,
            35.645664
          ],
          [
            139.236723,
            35.64585
          ],
          [
            139.237261,
            35.645802
          ],
          [
            139.237722,
            35.645648
          ],
          [
            139.238298,
            35.645312
          ],
          [
            139.238848,
            35.644906
          ],
          [
            139.239386,
            35.644765
          ],
          [
            139.240064,
            35.644611
          ],
          [
            139.240576,
            35.644454
          ],
          [
            139.241024,
            35.643968
          ],
          [
            139.24119,
            35.643386
          ],
          [
            139.241254,
            35.642765
          ],
          [
            139.241421,
            35.642493
          ],
          [
            139.24151,
            35.642339
          ],
          [
            139.241613,
            35.642173
          ],
          [
            139.241728,
            35.64199
          ],
          [
            139.241805,
            35.641866
          ],
          [
            139.241894,
            35.641715
          ],
          [
            139.24201,
            35.641584
          ],
          [
            139.242099,
            35.641414
          ],
          [
            139.242022,
            35.641216
          ],
          [
            139.241818,
            35.64111
          ],
          [
            139.24169,
            35.640941
          ],
          [
            139.241664,
            35.6408
          ],
          [
            139.241715,
            35.640675
          ],
          [
            139.241958,
            35.640243
          ],
          [
            139.242035,
            35.639955
          ],
          [
            139.241779,
            35.639702
          ],
          [
            139.24151,
            35.6396
          ],
          [
            139.241254,
            35.639542
          ],
          [
            139.241037,
            35.639491
          ],
          [
            139.240755,
            35.639485
          ],
          [
            139.240589,
            35.639344
          ],
          [
            139.240666,
            35.639194
          ],
          [
            139.240934,
            35.639165
          ],
          [
            139.241216,
            35.639133
          ],
          [
            139.241472,
            35.639123
          ],
          [
            139.241741,
            35.639184
          ],
          [
            139.241958,
            35.639149
          ],
          [
            139.242125,
            35.639053
          ],
          [
            139.242291,
            35.638934
          ],
          [
            139.242483,
            35.638784
          ],
          [
            139.242675,
            35.638666
          ],
          [
            139.24288,
            35.638611
          ],
          [
            139.243238,
            35.638813
          ],
          [
            139.243059,
            35.639392
          ],
          [
            139.242982,
            35.6396
          ],
          [
            139.243085,
            35.639722
          ],
          [
            139.243328,
            35.63984
          ],
          [
            139.243558,
            35.639923
          ],
          [
            139.243738,
            35.639939
          ],
          [
            139.243955,
            35.639978
          ],
          [
            139.244186,
            35.640006
          ],
          [
            139.244442,
            35.640058
          ],
          [
            139.244608,
            35.640045
          ],
          [
            139.244826,
            35.640022
          ],
          [
            139.24503,
            35.639958
          ],
          [
            139.245235,
            35.639923
          ],
          [
            139.245427,
            35.639872
          ],
          [
            139.245658,
            35.63983
          ],
          [
            139.24585,
            35.639789
          ],
          [
            139.246042,
            35.63976
          ],
          [
            139.246298,
            35.639757
          ],
          [
            139.246502,
            35.639738
          ],
          [
            139.24672,
            35.639744
          ],
          [
            139.24695,
            35.639728
          ],
          [
            139.247117,
            35.63969
          ],
          [
            139.247309,
            35.639661
          ],
          [
            139.247526,
            35.639606
          ],
          [
            139.247744,
            35.639581
          ],
          [
            139.247974,
            35.639504
          ],
          [
            139.248166,
            35.639405
          ],
          [
            139.248422,
            35.639341
          ],
          [
            139.248576,
            35.63936
          ],
          [
            139.248768,
            35.639373
          ],
          [
            139.248947,
            35.639424
          ],
          [
            139.249165,
            35.639475
          ],
          [
            139.24937,
            35.639501
          ],
          [
            139.249574,
            35.639488
          ],
          [
            139.249792,
            35.639466
          ],
          [
            139.249997,
            35.63943
          ],
          [
            139.250202,
            35.639411
          ],
          [
            139.250406,
            35.639411
          ],
          [
            139.250611,
            35.639411
          ],
          [
            139.25079,
            35.639411
          ],
          [
            139.251008,
            35.639469
          ],
          [
            139.251226,
            35.63952
          ],
          [
            139.25143,
            35.639568
          ],
          [
            139.251661,
            35.639619
          ],
          [
            139.251878,
            35.639648
          ],
          [
            139.25207,
            35.639699
          ],
          [
            139.252237,
            35.639741
          ],
          [
            139.252454,
            35.639779
          ],
          [
            139.252672,
            35.639818
          ],
          [
            139.252851,
            35.63983
          ],
          [
            139.253069,
            35.639811
          ],
          [
            139.253248,
            35.639725
          ],
          [
            139.253389,
            35.639613
          ],
          [
            139.253504,
            35.639488
          ],
          [
            139.253645,
            35.63936
          ],
          [
            139.253773,
            35.639251
          ],
          [
            139.253926,
            35.639117
          ],
          [
            139.254016,
            35.639011
          ],
          [
            139.254106,
            35.638896
          ],
          [
            139.254221,
            35.638784
          ],
          [
            139.254349,
            35.638675
          ],
          [
            139.254592,
            35.63856
          ],
          [
            139.254822,
            35.638509
          ],
          [
            139.255014,
            35.63847
          ],
          [
            139.255168,
            35.638374
          ],
          [
            139.255155,
            35.638211
          ],
          [
            139.25513,
            35.638077
          ],
          [
            139.255155,
            35.637946
          ],
          [
            139.255296,
            35.637837
          ],
          [
            139.255411,
            35.637741
          ],
          [
            139.255782,
            35.637805
          ],
          [
            139.256346,
            35.638131
          ],
          [
            139.256704,
            35.638339
          ],
          [
            139.25737,
            35.638531
          ],
          [
            139.257766,
            35.638666
          ],
          [
            139.257894,
            35.638746
          ],
          [
            139.258112,
            35.638797
          ],
          [
            139.25833,
            35.638851
          ],
          [
            139.258496,
            35.638874
          ],
          [
            139.258586,
            35.638826
          ],
          [
            139.258765,
            35.63889
          ],
          [
            139.258931,
            35.638973
          ],
          [
            139.259405,
            35.639069
          ],
          [
            139.259904,
            35.639117
          ],
          [
            139.260134,
            35.639254
          ],
          [
            139.26039,
            35.639264
          ],
          [
            139.260646,
            35.639264
          ],
          [
            139.260838,
            35.639261
          ],
          [
            139.260966,
            35.639296
          ],
          [
            139.261158,
            35.639341
          ],
          [
            139.261312,
            35.63937
          ],
          [
            139.261491,
            35.639373
          ],
          [
            139.261683,
            35.639443
          ],
          [
            139.261837,
            35.639469
          ],
          [
            139.26199,
            35.63951
          ],
          [
            139.262118,
            35.639667
          ],
          [
            139.262272,
            35.639757
          ],
          [
            139.262912,
            35.639965
          ],
          [
            139.263616,
            35.640064
          ],
          [
            139.264346,
            35.640266
          ],
          [
            139.264986,
            35.640147
          ],
          [
            139.265766,
            35.640166
          ],
          [
            139.266342,
            35.640134
          ],
          [
            139.266765,
            35.640157
          ],
          [
            139.267008,
            35.640125
          ],
          [
            139.267226,
            35.640102
          ],
          [
            139.267622,
            35.640058
          ],
          [
            139.267802,
            35.640048
          ],
          [
            139.268019,
            35.640064
          ],
          [
            139.268186,
            35.640029
          ],
          [
            139.268378,
            35.639942
          ],
          [
            139.268518,
            35.639843
          ],
          [
            139.26871,
            35.639786
          ],
          [
            139.26889,
            35.639709
          ],
          [
            139.269043,
            35.63969
          ],
          [
            139.269235,
            35.639648
          ],
          [
            139.269427,
            35.639632
          ],
          [
            139.269619,
            35.639645
          ],
          [
            139.26985,
            35.639651
          ],
          [
            139.270144,
            35.639683
          ],
          [
            139.270362,
            35.639709
          ],
          [
            139.270554,
            35.639683
          ],
          [
            139.270733,
            35.63967
          ],
          [
            139.27095,
            35.639606
          ],
          [
            139.271142,
            35.639571
          ],
          [
            139.271334,
            35.639523
          ],
          [
            139.271526,
            35.639475
          ],
          [
            139.271718,
            35.639427
          ],
          [
            139.271616,
            35.639312
          ],
          [
            139.271514,
            35.63921
          ],
          [
            139.271411,
            35.639075
          ],
          [
            139.271322,
            35.638957
          ],
          [
            139.271258,
            35.638819
          ],
          [
            139.271206,
            35.638691
          ],
          [
            139.271181,
            35.638557
          ],
          [
            139.271168,
            35.638413
          ],
          [
            139.27113,
            35.638154
          ],
          [
            139.271104,
            35.638026
          ],
          [
            139.27104,
            35.637898
          ],
          [
            139.270963,
            35.63776
          ],
          [
            139.270938,
            35.637616
          ],
          [
            139.270886,
            35.637459
          ],
          [
            139.27081,
            35.637322
          ],
          [
            139.270746,
            35.63719
          ],
          [
            139.270707,
            35.63703
          ],
          [
            139.27063,
            35.636886
          ],
          [
            139.270566,
            35.636739
          ],
          [
            139.27049,
            35.636614
          ],
          [
            139.270451,
            35.636464
          ],
          [
            139.2704,
            35.636346
          ],
          [
            139.270387,
            35.636224
          ],
          [
            139.270374,
            35.636064
          ],
          [
            139.270336,
            35.63593
          ],
          [
            139.270285,
            35.635805
          ],
          [
            139.27031,
            35.63568
          ],
          [
            139.27031,
            35.635536
          ],
          [
            139.2704,
            35.635315
          ],
          [
            139.27049,
            35.634976
          ],
          [
            139.270579,
            35.634659
          ],
          [
            139.27063,
            35.634538
          ],
          [
            139.270707,
            35.634272
          ],
          [
            139.27072,
            35.634106
          ],
          [
            139.270541,
            35.633846
          ],
          [
            139.270426,
            35.633741
          ],
          [
            139.270362,
            35.633597
          ],
          [
            139.270259,
            35.633485
          ],
          [
            139.270234,
            35.633357
          ],
          [
            139.270144,
            35.633229
          ],
          [
            139.270016,
            35.633088
          ],
          [
            139.269862,
            35.632954
          ],
          [
            139.26985,
            35.632499
          ],
          [
            139.27017,
            35.632266
          ]
        ]
      }
    },
    {
      "type": "Feature",
      "properties": {
        "route_id": "trail_tengu",
        "name": "城山天狗トレイル",
        "category": "surrounding_trail",
        "difficulty": "advanced",
        "difficultyRating": 3,
        "crowdWeekday": 2,
        "crowdWeekend": 3,
        "distanceKm": 16,
        "durationMin": 320,
        "color": "#E8002D",
        "sourceAttribution": "出典: 高尾マナーズ (https://takao-trail-manners.jp)",
        "features": [
          "高尾マナーズ推奨",
          "小仏城山連動",
          "16kmロング走",
          "十分な補給必要"
        ],
        "description": "城山から広大な南・北山稜をつなぐ16kmの本格山岳トレイル。持久力と補給計画が必須の上級者コース。"
      },
      "geometry": {
        "type": "LineString",
        "coordinates": [
          [
            139.24234,
            35.638165
          ],
          [
            139.242355,
            35.6381
          ],
          [
            139.242401,
            35.637894
          ],
          [
            139.242386,
            35.637798
          ],
          [
            139.242294,
            35.637592
          ],
          [
            139.242294,
            35.637383
          ],
          [
            139.24231,
            35.637207
          ],
          [
            139.24231,
            35.637001
          ],
          [
            139.242294,
            35.637039
          ],
          [
            139.242294,
            35.63707
          ],
          [
            139.242249,
            35.636757
          ],
          [
            139.242142,
            35.63644
          ],
          [
            139.241882,
            35.636108
          ],
          [
            139.241791,
            35.635918
          ],
          [
            139.241669,
            35.635796
          ],
          [
            139.241669,
            35.635361
          ],
          [
            139.241623,
            35.635029
          ],
          [
            139.241684,
            35.634785
          ],
          [
            139.241638,
            35.634472
          ],
          [
            139.241669,
            35.63414
          ],
          [
            139.241638,
            35.633789
          ],
          [
            139.241394,
            35.633389
          ],
          [
            139.240997,
            35.633129
          ],
          [
            139.240448,
            35.632812
          ],
          [
            139.240341,
            35.632729
          ],
          [
            139.239929,
            35.632446
          ],
          [
            139.239716,
            35.632202
          ],
          [
            139.239334,
            35.631874
          ],
          [
            139.238983,
            35.63147
          ],
          [
            139.238235,
            35.631035
          ],
          [
            139.237656,
            35.630756
          ],
          [
            139.237198,
            35.630302
          ],
          [
            139.236725,
            35.630039
          ],
          [
            139.236267,
            35.629536
          ],
          [
            139.235931,
            35.628803
          ],
          [
            139.235428,
            35.628593
          ],
          [
            139.234909,
            35.628262
          ],
          [
            139.233902,
            35.628681
          ],
          [
            139.233185,
            35.628769
          ],
          [
            139.232574,
            35.628437
          ],
          [
            139.231903,
            35.628769
          ],
          [
            139.231125,
            35.628506
          ],
          [
            139.22995,
            35.628574
          ],
          [
            139.228516,
            35.628716
          ],
          [
            139.227142,
            35.62936
          ],
          [
            139.226242,
            35.629745
          ],
          [
            139.226578,
            35.629711
          ],
          [
            139.227097,
            35.629833
          ],
          [
            139.227158,
            35.630024
          ],
          [
            139.227478,
            35.630337
          ],
          [
            139.227615,
            35.630058
          ],
          [
            139.228165,
            35.629658
          ],
          [
            139.22847,
            35.629868
          ],
          [
            139.228622,
            35.630161
          ],
          [
            139.228851,
            35.630371
          ],
          [
            139.229202,
            35.630283
          ],
          [
            139.229691,
            35.630161
          ],
          [
            139.230164,
            35.629814
          ],
          [
            139.230164,
            35.630249
          ],
          [
            139.229965,
            35.630356
          ],
          [
            139.229431,
            35.630653
          ],
          [
            139.228683,
            35.631054
          ],
          [
            139.227798,
            35.631226
          ],
          [
            139.226761,
            35.631054
          ],
          [
            139.226257,
            35.631054
          ],
          [
            139.225769,
            35.631367
          ],
          [
            139.225311,
            35.631435
          ],
          [
            139.224269,
            35.631558
          ],
          [
            139.224136,
            35.631279
          ],
          [
            139.22403,
            35.630878
          ],
          [
            139.223602,
            35.63081
          ],
          [
            139.222912,
            35.631008
          ],
          [
            139.222042,
            35.630874
          ],
          [
            139.221709,
            35.630589
          ],
          [
            139.221594,
            35.630595
          ],
          [
            139.221555,
            35.630794
          ],
          [
            139.221414,
            35.630813
          ],
          [
            139.221376,
            35.630662
          ],
          [
            139.22144,
            35.630166
          ],
          [
            139.221222,
            35.630032
          ],
          [
            139.221363,
            35.629859
          ],
          [
            139.221376,
            35.629843
          ],
          [
            139.221338,
            35.629853
          ],
          [
            139.221376,
            35.629574
          ],
          [
            139.22176,
            35.629133
          ],
          [
            139.221312,
            35.628621
          ],
          [
            139.22121,
            35.628339
          ],
          [
            139.220672,
            35.62799
          ],
          [
            139.220365,
            35.627629
          ],
          [
            139.220211,
            35.627142
          ],
          [
            139.220006,
            35.626954
          ],
          [
            139.219776,
            35.626819
          ],
          [
            139.219533,
            35.626387
          ],
          [
            139.219533,
            35.626195
          ],
          [
            139.219635,
            35.626035
          ],
          [
            139.22025,
            35.625738
          ],
          [
            139.22048,
            35.625699
          ],
          [
            139.220851,
            35.625446
          ],
          [
            139.221517,
            35.625373
          ],
          [
            139.221722,
            35.625187
          ],
          [
            139.221952,
            35.625075
          ],
          [
            139.222387,
            35.62511
          ],
          [
            139.222758,
            35.624934
          ],
          [
            139.223424,
            35.624778
          ],
          [
            139.223782,
            35.624566
          ],
          [
            139.22409,
            35.624272
          ],
          [
            139.224614,
            35.624195
          ],
          [
            139.224896,
            35.624035
          ],
          [
            139.225434,
            35.623901
          ],
          [
            139.225664,
            35.623664
          ],
          [
            139.226074,
            35.623562
          ],
          [
            139.226253,
            35.623248
          ],
          [
            139.226138,
            35.622787
          ],
          [
            139.22615,
            35.622464
          ],
          [
            139.226483,
            35.622432
          ],
          [
            139.226675,
            35.622333
          ],
          [
            139.227021,
            35.622451
          ],
          [
            139.227098,
            35.622371
          ],
          [
            139.2272,
            35.62241
          ],
          [
            139.227494,
            35.622253
          ],
          [
            139.227674,
            35.622016
          ],
          [
            139.227866,
            35.622109
          ],
          [
            139.227866,
            35.62192
          ],
          [
            139.228006,
            35.621658
          ],
          [
            139.22784,
            35.621418
          ],
          [
            139.227904,
            35.621219
          ],
          [
            139.227994,
            35.621162
          ],
          [
            139.22793,
            35.621078
          ],
          [
            139.228045,
            35.621091
          ],
          [
            139.228083,
            35.620998
          ],
          [
            139.228006,
            35.621059
          ],
          [
            139.227955,
            35.621142
          ],
          [
            139.228032,
            35.621434
          ],
          [
            139.227866,
            35.62199
          ],
          [
            139.227904,
            35.622083
          ],
          [
            139.227789,
            35.62209
          ],
          [
            139.227725,
            35.622016
          ],
          [
            139.227648,
            35.622083
          ],
          [
            139.227712,
            35.622163
          ],
          [
            139.22761,
            35.622128
          ],
          [
            139.227507,
            35.622291
          ],
          [
            139.227392,
            35.622317
          ],
          [
            139.227328,
            35.62239
          ],
          [
            139.227213,
            35.622355
          ],
          [
            139.227162,
            35.622435
          ],
          [
            139.227046,
            35.622461
          ],
          [
            139.226701,
            35.622394
          ],
          [
            139.226406,
            35.622493
          ],
          [
            139.226278,
            35.622422
          ],
          [
            139.22615,
            35.622448
          ],
          [
            139.226163,
            35.622726
          ],
          [
            139.22624,
            35.622794
          ],
          [
            139.22624,
            35.622893
          ],
          [
            139.226317,
            35.62296
          ],
          [
            139.226406,
            35.623219
          ],
          [
            139.226253,
            35.623482
          ],
          [
            139.225856,
            35.62368
          ],
          [
            139.225613,
            35.62392
          ],
          [
            139.225254,
            35.623939
          ],
          [
            139.224717,
            35.624234
          ],
          [
            139.224218,
            35.624291
          ],
          [
            139.22391,
            35.624608
          ],
          [
            139.223603,
            35.62479
          ],
          [
            139.222912,
            35.624938
          ],
          [
            139.222515,
            35.625168
          ],
          [
            139.222042,
            35.625174
          ],
          [
            139.221619,
            35.62537
          ],
          [
            139.220966,
            35.625462
          ],
          [
            139.220749,
            35.6256
          ],
          [
            139.220506,
            35.62559
          ],
          [
            139.220058,
            35.62577
          ],
          [
            139.219686,
            35.626067
          ],
          [
            139.219661,
            35.626253
          ],
          [
            139.219763,
            35.626611
          ],
          [
            139.219802,
            35.626717
          ],
          [
            139.220032,
            35.626819
          ],
          [
            139.220134,
            35.627002
          ],
          [
            139.22025,
            35.62704
          ],
          [
            139.220211,
            35.627152
          ],
          [
            139.220262,
            35.627174
          ],
          [
            139.220378,
            35.627651
          ],
          [
            139.220672,
            35.627907
          ],
          [
            139.221222,
            35.628224
          ],
          [
            139.221325,
            35.628499
          ],
          [
            139.221683,
            35.628816
          ],
          [
            139.221786,
            35.629101
          ],
          [
            139.221453,
            35.629651
          ],
          [
            139.221453,
            35.62983
          ],
          [
            139.221517,
            35.629814
          ],
          [
            139.221414,
            35.629843
          ],
          [
            139.221402,
            35.629962
          ],
          [
            139.221542,
            35.629952
          ],
          [
            139.221517,
            35.63
          ],
          [
            139.221414,
            35.630006
          ],
          [
            139.221325,
            35.629974
          ],
          [
            139.221325,
            35.629917
          ],
          [
            139.221325,
            35.629894
          ],
          [
            139.221299,
            35.629907
          ],
          [
            139.22112,
            35.629962
          ],
          [
            139.221018,
            35.630118
          ],
          [
            139.221056,
            35.630336
          ],
          [
            139.220954,
            35.630682
          ],
          [
            139.220646,
            35.630922
          ],
          [
            139.220301,
            35.631059
          ],
          [
            139.220186,
            35.631248
          ],
          [
            139.219904,
            35.631389
          ],
          [
            139.219584,
            35.631779
          ],
          [
            139.219136,
            35.632099
          ],
          [
            139.218867,
            35.63263
          ],
          [
            139.218598,
            35.633456
          ],
          [
            139.218458,
            35.633613
          ],
          [
            139.21783,
            35.634003
          ],
          [
            139.217523,
            35.634278
          ],
          [
            139.217472,
            35.634403
          ],
          [
            139.217178,
            35.634602
          ],
          [
            139.217062,
            35.63511
          ],
          [
            139.217165,
            35.635152
          ],
          [
            139.217165,
            35.635354
          ],
          [
            139.216717,
            35.635638
          ],
          [
            139.216678,
            35.635958
          ],
          [
            139.216858,
            35.636189
          ],
          [
            139.216986,
            35.636803
          ],
          [
            139.216717,
            35.637283
          ],
          [
            139.21673,
            35.637389
          ],
          [
            139.217101,
            35.637645
          ],
          [
            139.217165,
            35.637859
          ],
          [
            139.217382,
            35.637606
          ],
          [
            139.217459,
            35.637405
          ],
          [
            139.217574,
            35.637386
          ],
          [
            139.217638,
            35.637462
          ],
          [
            139.217702,
            35.637376
          ],
          [
            139.217805,
            35.637427
          ],
          [
            139.21783,
            35.637328
          ],
          [
            139.217958,
            35.637338
          ],
          [
            139.218048,
            35.637405
          ],
          [
            139.218035,
            35.637504
          ],
          [
            139.218266,
            35.637408
          ],
          [
            139.218317,
            35.637322
          ],
          [
            139.218662,
            35.637334
          ],
          [
            139.218675,
            35.637242
          ],
          [
            139.219021,
            35.63735
          ],
          [
            139.219162,
            35.637523
          ],
          [
            139.219059,
            35.63768
          ],
          [
            139.219302,
            35.637779
          ],
          [
            139.219571,
            35.638122
          ],
          [
            139.219981,
            35.638336
          ],
          [
            139.220019,
            35.638611
          ],
          [
            139.220224,
            35.638381
          ],
          [
            139.220518,
            35.638387
          ],
          [
            139.220877,
            35.638627
          ],
          [
            139.22112,
            35.638618
          ],
          [
            139.221197,
            35.638688
          ],
          [
            139.22121,
            35.63879
          ],
          [
            139.221453,
            35.638838
          ],
          [
            139.221709,
            35.639046
          ],
          [
            139.22249,
            35.639187
          ],
          [
            139.222605,
            35.639146
          ],
          [
            139.222464,
            35.639302
          ],
          [
            139.222003,
            35.639194
          ],
          [
            139.221619,
            35.638963
          ],
          [
            139.221568,
            35.638883
          ],
          [
            139.221325,
            35.638845
          ],
          [
            139.221248,
            35.638669
          ],
          [
            139.220928,
            35.638701
          ],
          [
            139.220762,
            35.638576
          ],
          [
            139.220378,
            35.638512
          ],
          [
            139.220058,
            35.638608
          ],
          [
            139.220006,
            35.638362
          ],
          [
            139.219482,
            35.63809
          ],
          [
            139.219379,
            35.63792
          ],
          [
            139.219213,
            35.637795
          ],
          [
            139.219098,
            35.637782
          ],
          [
            139.219072,
            35.637693
          ],
          [
            139.219174,
            35.637526
          ],
          [
            139.219008,
            35.63728
          ],
          [
            139.218829,
            35.637149
          ],
          [
            139.218714,
            35.637142
          ],
          [
            139.218778,
            35.637219
          ],
          [
            139.218765,
            35.637309
          ],
          [
            139.218534,
            35.637363
          ],
          [
            139.218445,
            35.637296
          ],
          [
            139.218342,
            35.637482
          ],
          [
            139.21815,
            35.637613
          ],
          [
            139.218074,
            35.637546
          ],
          [
            139.218099,
            35.637363
          ],
          [
            139.218048,
            35.637334
          ],
          [
            139.217997,
            35.63737
          ],
          [
            139.217907,
            35.637309
          ],
          [
            139.217882,
            35.637418
          ],
          [
            139.217805,
            35.637376
          ],
          [
            139.217626,
            35.637434
          ],
          [
            139.217523,
            35.637382
          ],
          [
            139.21728,
            35.637795
          ],
          [
            139.217318,
            35.637882
          ],
          [
            139.217203,
            35.637891
          ],
          [
            139.217075,
            35.637722
          ],
          [
            139.216832,
            35.637594
          ],
          [
            139.21673,
            35.637427
          ],
          [
            139.216717,
            35.637242
          ],
          [
            139.216858,
            35.637005
          ],
          [
            139.216845,
            35.636771
          ],
          [
            139.216717,
            35.636246
          ],
          [
            139.21655,
            35.635958
          ],
          [
            139.216563,
            35.63575
          ],
          [
            139.216666,
            35.635632
          ],
          [
            139.21664,
            35.635517
          ],
          [
            139.216627,
            35.635421
          ],
          [
            139.216154,
            35.635005
          ],
          [
            139.215744,
            35.634784
          ],
          [
            139.215411,
            35.634467
          ],
          [
            139.215283,
            35.634301
          ],
          [
            139.21527,
            35.634013
          ],
          [
            139.21504,
            35.634042
          ],
          [
            139.214848,
            35.634179
          ],
          [
            139.214733,
            35.634166
          ],
          [
            139.214682,
            35.633981
          ],
          [
            139.214566,
            35.63399
          ],
          [
            139.214477,
            35.634061
          ],
          [
            139.21449,
            35.634166
          ],
          [
            139.214374,
            35.634147
          ],
          [
            139.21417,
            35.634042
          ],
          [
            139.214067,
            35.633872
          ],
          [
            139.214234,
            35.633731
          ],
          [
            139.21344,
            35.633453
          ],
          [
            139.212954,
            35.633347
          ],
          [
            139.212826,
            35.633363
          ],
          [
            139.212736,
            35.633635
          ],
          [
            139.212634,
            35.633584
          ],
          [
            139.212429,
            35.633674
          ],
          [
            139.212493,
            35.633846
          ],
          [
            139.212378,
            35.633869
          ],
          [
            139.212224,
            35.633722
          ],
          [
            139.212109,
            35.633702
          ],
          [
            139.212147,
            35.633789
          ],
          [
            139.212032,
            35.633821
          ],
          [
            139.21207,
            35.634
          ],
          [
            139.211981,
            35.634061
          ],
          [
            139.211802,
            35.633949
          ],
          [
            139.211712,
            35.634019
          ],
          [
            139.211546,
            35.633981
          ],
          [
            139.211405,
            35.633805
          ],
          [
            139.211034,
            35.633862
          ],
          [
            139.210688,
            35.634
          ],
          [
            139.209894,
            35.633968
          ],
          [
            139.209677,
            35.634064
          ],
          [
            139.209562,
            35.634042
          ],
          [
            139.209498,
            35.633869
          ],
          [
            139.209702,
            35.633613
          ],
          [
            139.209805,
            35.633542
          ],
          [
            139.20992,
            35.633562
          ],
          [
            139.209971,
            35.633482
          ],
          [
            139.209728,
            35.633469
          ],
          [
            139.20928,
            35.633626
          ],
          [
            139.20905,
            35.633648
          ],
          [
            139.20896,
            35.633626
          ],
          [
            139.208986,
            35.633533
          ],
          [
            139.209126,
            35.63351
          ],
          [
            139.208896,
            35.633443
          ],
          [
            139.208691,
            35.633216
          ],
          [
            139.208333,
            35.633238
          ],
          [
            139.207667,
            35.632995
          ],
          [
            139.207475,
            35.633088
          ],
          [
            139.207411,
            35.633008
          ],
          [
            139.207322,
            35.633072
          ],
          [
            139.207373,
            35.633248
          ],
          [
            139.207322,
            35.633328
          ],
          [
            139.207194,
            35.633309
          ],
          [
            139.207053,
            35.632762
          ],
          [
            139.207194,
            35.632602
          ],
          [
            139.207066,
            35.63264
          ],
          [
            139.207053,
            35.63273
          ],
          [
            139.207181,
            35.632698
          ],
          [
            139.207104,
            35.632954
          ],
          [
            139.207168,
            35.633235
          ],
          [
            139.207296,
            35.633299
          ],
          [
            139.20727,
            35.632941
          ],
          [
            139.20745,
            35.632912
          ],
          [
            139.207424,
            35.632976
          ],
          [
            139.207501,
            35.633008
          ],
          [
            139.207667,
            35.632886
          ],
          [
            139.208307,
            35.633117
          ],
          [
            139.208666,
            35.63311
          ],
          [
            139.209178,
            35.633347
          ],
          [
            139.209216,
            35.633424
          ],
          [
            139.208934,
            35.633587
          ],
          [
            139.209702,
            35.633376
          ],
          [
            139.210035,
            35.633427
          ],
          [
            139.209971,
            35.633504
          ],
          [
            139.209843,
            35.633472
          ],
          [
            139.209715,
            35.633606
          ],
          [
            139.209562,
            35.633869
          ],
          [
            139.209626,
            35.633958
          ],
          [
            139.209843,
            35.633862
          ],
          [
            139.210394,
            35.633923
          ],
          [
            139.210688,
            35.633885
          ],
          [
            139.21129,
            35.633731
          ],
          [
            139.211366,
            35.63375
          ],
          [
            139.211443,
            35.633872
          ],
          [
            139.21161,
            35.63391
          ],
          [
            139.211725,
            35.633811
          ],
          [
            139.212058,
            35.63401
          ],
          [
            139.211942,
            35.633789
          ],
          [
            139.212058,
            35.633763
          ],
          [
            139.212006,
            35.633664
          ],
          [
            139.212147,
            35.633648
          ],
          [
            139.212416,
            35.633827
          ],
          [
            139.212326,
            35.633715
          ],
          [
            139.212429,
            35.633526
          ],
          [
            139.212672,
            35.633546
          ],
          [
            139.212774,
            35.633354
          ],
          [
            139.213018,
            35.633299
          ],
          [
            139.214093,
            35.633517
          ],
          [
            139.214221,
            35.633584
          ],
          [
            139.214131,
            35.633792
          ],
          [
            139.214387,
            35.63415
          ],
          [
            139.214451,
            35.63415
          ],
          [
            139.214387,
            35.634
          ],
          [
            139.21449,
            35.633891
          ],
          [
            139.214656,
            35.63392
          ],
          [
            139.214784,
            35.634128
          ],
          [
            139.215027,
            35.633933
          ],
          [
            139.215347,
            35.633907
          ],
          [
            139.215334,
            35.634128
          ],
          [
            139.21545,
            35.634403
          ],
          [
            139.215923,
            35.634803
          ],
          [
            139.216589,
            35.635242
          ],
          [
            139.216781,
            35.63545
          ],
          [
            139.216909,
            35.635494
          ],
          [
            139.217152,
            35.63537
          ],
          [
            139.217178,
            35.635242
          ],
          [
            139.217062,
            35.635136
          ],
          [
            139.216934,
            35.635139
          ],
          [
            139.216922,
            35.634966
          ],
          [
            139.216781,
            35.634966
          ],
          [
            139.216717,
            35.634819
          ],
          [
            139.21687,
            35.634538
          ],
          [
            139.217382,
            35.634301
          ],
          [
            139.217805,
            35.633965
          ],
          [
            139.217946,
            35.633926
          ],
          [
            139.218342,
            35.633642
          ],
          [
            139.218739,
            35.633098
          ],
          [
            139.21897,
            35.632445
          ],
          [
            139.219059,
            35.632211
          ],
          [
            139.219034,
            35.632102
          ],
          [
            139.21943,
            35.631837
          ],
          [
            139.219533,
            35.631814
          ],
          [
            139.219584,
            35.63167
          ],
          [
            139.219763,
            35.631523
          ],
          [
            139.219738,
            35.631427
          ],
          [
            139.220083,
            35.631238
          ],
          [
            139.220186,
            35.631059
          ],
          [
            139.220826,
            35.630704
          ],
          [
            139.220954,
            35.630506
          ],
          [
            139.221005,
            35.630051
          ],
          [
            139.221082,
            35.629933
          ],
          [
            139.221325,
            35.629837
          ],
          [
            139.221338,
            35.629853
          ],
          [
            139.221235,
            35.629891
          ],
          [
            139.221235,
            35.629994
          ],
          [
            139.221453,
            35.630118
          ],
          [
            139.221402,
            35.630688
          ],
          [
            139.221466,
            35.630762
          ],
          [
            139.221696,
            35.630563
          ],
          [
            139.222067,
            35.630842
          ],
          [
            139.222016,
            35.630867
          ],
          [
            139.223027,
            35.631008
          ],
          [
            139.223347,
            35.63095
          ],
          [
            139.223755,
            35.630791
          ],
          [
            139.224091,
            35.631104
          ],
          [
            139.224243,
            35.631454
          ],
          [
            139.225037,
            35.631489
          ],
          [
            139.225922,
            35.631367
          ],
          [
            139.226257,
            35.630981
          ],
          [
            139.22757,
            35.63121
          ],
          [
            139.228424,
            35.631157
          ],
          [
            139.228989,
            35.630844
          ],
          [
            139.229614,
            35.630531
          ],
          [
            139.229935,
            35.630322
          ],
          [
            139.23027,
            35.630161
          ],
          [
            139.230316,
            35.629971
          ],
          [
            139.230057,
            35.629868
          ],
          [
            139.229568,
            35.630234
          ],
          [
            139.228745,
            35.63039
          ],
          [
            139.228455,
            35.629673
          ],
          [
            139.227875,
            35.629745
          ],
          [
            139.227448,
            35.630337
          ],
          [
            139.226929,
            35.62978
          ],
          [
            139.226212,
            35.629658
          ],
          [
            139.22731,
            35.629345
          ],
          [
            139.227982,
            35.628891
          ],
          [
            139.228897,
            35.62849
          ],
          [
            139.229538,
            35.628574
          ],
          [
            139.230164,
            35.628525
          ],
          [
            139.23085,
            35.62854
          ],
          [
            139.231537,
            35.628574
          ],
          [
            139.231735,
            35.628906
          ],
          [
            139.232269,
            35.628506
          ],
          [
            139.232742,
            35.62854
          ],
          [
            139.233002,
            35.628681
          ],
          [
            139.233322,
            35.628819
          ],
          [
            139.23439,
            35.628452
          ],
          [
            139.235214,
            35.628315
          ],
          [
            139.235382,
            35.628574
          ],
          [
            139.235809,
            35.628647
          ],
          [
            139.236038,
            35.62896
          ],
          [
            139.23613,
            35.629307
          ],
          [
            139.236267,
            35.629604
          ],
          [
            139.236618,
            35.629902
          ],
          [
            139.237015,
            35.630199
          ],
          [
            139.237335,
            35.630322
          ],
          [
            139.237549,
            35.630634
          ],
          [
            139.237991,
            35.631054
          ],
          [
            139.23851,
            35.631157
          ],
          [
            139.239075,
            35.631611
          ],
          [
            139.239548,
            35.632099
          ],
          [
            139.240158,
            35.632645
          ],
          [
            139.24057,
            35.6329
          ],
          [
            139.240875,
            35.633053
          ],
          [
            139.241028,
            35.633224
          ],
          [
            139.241089,
            35.633327
          ],
          [
            139.241272,
            35.633465
          ],
          [
            139.241425,
            35.633591
          ],
          [
            139.241501,
            35.633728
          ],
          [
            139.24147,
            35.633953
          ],
          [
            139.241577,
            35.634151
          ],
          [
            139.241531,
            35.634426
          ],
          [
            139.241592,
            35.634701
          ],
          [
            139.241623,
            35.634872
          ],
          [
            139.241653,
            35.635033
          ],
          [
            139.241592,
            35.635273
          ],
          [
            139.241577,
            35.635403
          ],
          [
            139.241547,
            35.635712
          ],
          [
            139.241638,
            35.635864
          ],
          [
            139.241837,
            35.636044
          ],
          [
            139.241959,
            35.636227
          ],
          [
            139.242081,
            35.636379
          ],
          [
            139.242188,
            35.636677
          ],
          [
            139.242279,
            35.63694
          ],
          [
            139.24231,
            35.637463
          ],
          [
            139.242355,
            35.637672
          ],
          [
            139.242386,
            35.637859
          ],
          [
            139.242371,
            35.638016
          ],
          [
            139.242432,
            35.638165
          ]
        ]
      }
    },
    {
      "type": "Feature",
      "properties": {
        "route_id": "trail_meio",
        "name": "明王峠相模湖トレイル",
        "category": "surrounding_trail",
        "difficulty": "intermediate",
        "difficultyRating": 2,
        "crowdWeekday": 1,
        "crowdWeekend": 2,
        "distanceKm": 10,
        "durationMin": 210,
        "color": "#FB923C",
        "sourceAttribution": "出典: 高尾マナーズ (https://takao-trail-manners.jp)",
        "features": [
          "高尾マナーズ推奨",
          "明王峠茶屋",
          "相模湖駅下山",
          "縦走エスケープ"
        ],
        "description": "主稜線の明王峠から相模湖方面へと抜ける爽快トレイル。下山後は相模湖駅からスムーズに帰路につけます。"
      },
      "geometry": {
        "type": "LineString",
        "coordinates": [
          [
            139.189197,
            35.61703
          ],
          [
            139.189235,
            35.616912
          ],
          [
            139.189299,
            35.616861
          ],
          [
            139.189005,
            35.616864
          ],
          [
            139.188659,
            35.616954
          ],
          [
            139.188186,
            35.617088
          ],
          [
            139.187725,
            35.617232
          ],
          [
            139.187392,
            35.617062
          ],
          [
            139.187354,
            35.616954
          ],
          [
            139.187213,
            35.617011
          ],
          [
            139.187072,
            35.617053
          ],
          [
            139.186906,
            35.617126
          ],
          [
            139.186778,
            35.617194
          ],
          [
            139.186611,
            35.617261
          ],
          [
            139.186458,
            35.617328
          ],
          [
            139.186291,
            35.617392
          ],
          [
            139.186138,
            35.617437
          ],
          [
            139.185984,
            35.617498
          ],
          [
            139.185818,
            35.617546
          ],
          [
            139.185651,
            35.61759
          ],
          [
            139.185536,
            35.617638
          ],
          [
            139.18537,
            35.617686
          ],
          [
            139.185242,
            35.617718
          ],
          [
            139.185114,
            35.617754
          ],
          [
            139.184947,
            35.617786
          ],
          [
            139.184794,
            35.617824
          ],
          [
            139.184691,
            35.61784
          ],
          [
            139.18455,
            35.617878
          ],
          [
            139.184422,
            35.617898
          ],
          [
            139.184294,
            35.61792
          ],
          [
            139.184179,
            35.617933
          ],
          [
            139.184077,
            35.617939
          ],
          [
            139.183974,
            35.617946
          ],
          [
            139.183872,
            35.617978
          ],
          [
            139.183757,
            35.617987
          ],
          [
            139.183654,
            35.618016
          ],
          [
            139.183552,
            35.618026
          ],
          [
            139.183411,
            35.618038
          ],
          [
            139.183411,
            35.618138
          ],
          [
            139.183475,
            35.618285
          ],
          [
            139.183514,
            35.618384
          ],
          [
            139.183565,
            35.618477
          ],
          [
            139.183578,
            35.61856
          ],
          [
            139.183629,
            35.61865
          ],
          [
            139.183654,
            35.618726
          ],
          [
            139.18368,
            35.618813
          ],
          [
            139.183706,
            35.618851
          ],
          [
            139.183718,
            35.618938
          ],
          [
            139.183744,
            35.619027
          ],
          [
            139.183834,
            35.619098
          ],
          [
            139.183795,
            35.619146
          ],
          [
            139.183808,
            35.619226
          ],
          [
            139.183834,
            35.619318
          ],
          [
            139.183859,
            35.619424
          ],
          [
            139.183949,
            35.619584
          ],
          [
            139.183987,
            35.619731
          ],
          [
            139.184026,
            35.619891
          ],
          [
            139.183731,
            35.619962
          ],
          [
            139.183654,
            35.619962
          ],
          [
            139.183488,
            35.620032
          ],
          [
            139.183629,
            35.620106
          ],
          [
            139.183552,
            35.620221
          ],
          [
            139.183565,
            35.620358
          ],
          [
            139.183834,
            35.620646
          ],
          [
            139.183603,
            35.62057
          ],
          [
            139.18359,
            35.620826
          ],
          [
            139.183654,
            35.620893
          ],
          [
            139.183462,
            35.620976
          ],
          [
            139.183552,
            35.621034
          ],
          [
            139.183731,
            35.621117
          ],
          [
            139.183629,
            35.621136
          ],
          [
            139.183437,
            35.621296
          ],
          [
            139.18368,
            35.621376
          ],
          [
            139.183501,
            35.621459
          ],
          [
            139.183603,
            35.621475
          ],
          [
            139.18368,
            35.621638
          ],
          [
            139.18368,
            35.621734
          ],
          [
            139.183834,
            35.621853
          ],
          [
            139.183898,
            35.621946
          ],
          [
            139.18391,
            35.622029
          ],
          [
            139.183974,
            35.622074
          ],
          [
            139.183987,
            35.622173
          ],
          [
            139.184038,
            35.622192
          ],
          [
            139.184179,
            35.622291
          ],
          [
            139.184269,
            35.62233
          ],
          [
            139.18455,
            35.622448
          ],
          [
            139.184653,
            35.622502
          ],
          [
            139.184794,
            35.622544
          ],
          [
            139.184947,
            35.622563
          ],
          [
            139.18505,
            35.622608
          ],
          [
            139.185139,
            35.622646
          ],
          [
            139.185216,
            35.622707
          ],
          [
            139.185293,
            35.622688
          ],
          [
            139.185395,
            35.62271
          ],
          [
            139.18551,
            35.622752
          ],
          [
            139.185613,
            35.622787
          ],
          [
            139.185715,
            35.622822
          ],
          [
            139.185792,
            35.622867
          ],
          [
            139.185882,
            35.623059
          ],
          [
            139.185984,
            35.623427
          ],
          [
            139.186022,
            35.623523
          ],
          [
            139.186061,
            35.623757
          ],
          [
            139.186061,
            35.62409
          ],
          [
            139.186163,
            35.624454
          ],
          [
            139.186304,
            35.624835
          ],
          [
            139.186278,
            35.625222
          ],
          [
            139.186176,
            35.625594
          ],
          [
            139.186112,
            35.625965
          ],
          [
            139.18633,
            35.626333
          ],
          [
            139.186586,
            35.626672
          ],
          [
            139.186893,
            35.626995
          ],
          [
            139.1872,
            35.627312
          ],
          [
            139.187354,
            35.627718
          ],
          [
            139.187456,
            35.628093
          ],
          [
            139.187405,
            35.628474
          ],
          [
            139.187277,
            35.628845
          ],
          [
            139.187213,
            35.6292
          ],
          [
            139.187392,
            35.629571
          ],
          [
            139.187622,
            35.62991
          ],
          [
            139.187379,
            35.630256
          ],
          [
            139.187136,
            35.630598
          ],
          [
            139.187008,
            35.630963
          ],
          [
            139.186701,
            35.631293
          ],
          [
            139.186496,
            35.631619
          ],
          [
            139.186522,
            35.631978
          ],
          [
            139.186099,
            35.632141
          ],
          [
            139.185626,
            35.632272
          ],
          [
            139.185178,
            35.632512
          ],
          [
            139.184858,
            35.632608
          ],
          [
            139.184397,
            35.632758
          ],
          [
            139.183923,
            35.632771
          ],
          [
            139.183437,
            35.632806
          ],
          [
            139.182963,
            35.632794
          ],
          [
            139.182566,
            35.632976
          ],
          [
            139.182157,
            35.63312
          ],
          [
            139.181798,
            35.633258
          ],
          [
            139.181376,
            35.633437
          ],
          [
            139.180979,
            35.633533
          ],
          [
            139.180634,
            35.633728
          ],
          [
            139.180582,
            35.634019
          ],
          [
            139.180646,
            35.634397
          ],
          [
            139.18057,
            35.634784
          ],
          [
            139.180301,
            35.635094
          ],
          [
            139.180237,
            35.635456
          ],
          [
            139.180314,
            35.635738
          ],
          [
            139.180211,
            35.636054
          ],
          [
            139.179968,
            35.636368
          ],
          [
            139.179776,
            35.636733
          ],
          [
            139.179891,
            35.637085
          ],
          [
            139.179853,
            35.637488
          ],
          [
            139.179853,
            35.637885
          ],
          [
            139.180019,
            35.63824
          ],
          [
            139.180288,
            35.638566
          ],
          [
            139.180582,
            35.63887
          ],
          [
            139.180762,
            35.639245
          ],
          [
            139.181082,
            35.639574
          ],
          [
            139.181171,
            35.639786
          ],
          [
            139.181363,
            35.639978
          ],
          [
            139.181504,
            35.640224
          ],
          [
            139.18176,
            35.640464
          ],
          [
            139.181798,
            35.640483
          ],
          [
            139.181837,
            35.640576
          ],
          [
            139.181914,
            35.64064
          ],
          [
            139.181965,
            35.640742
          ],
          [
            139.181978,
            35.640842
          ],
          [
            139.182118,
            35.640858
          ],
          [
            139.182157,
            35.640922
          ],
          [
            139.182272,
            35.64096
          ],
          [
            139.182349,
            35.641082
          ],
          [
            139.182554,
            35.641261
          ],
          [
            139.182682,
            35.641402
          ],
          [
            139.182835,
            35.641517
          ],
          [
            139.183014,
            35.641712
          ],
          [
            139.18313,
            35.64177
          ],
          [
            139.183168,
            35.641837
          ],
          [
            139.183245,
            35.641888
          ],
          [
            139.183309,
            35.641936
          ],
          [
            139.183386,
            35.641987
          ],
          [
            139.183437,
            35.641987
          ],
          [
            139.183501,
            35.642045
          ],
          [
            139.18359,
            35.642106
          ],
          [
            139.183654,
            35.642186
          ],
          [
            139.183706,
            35.642266
          ],
          [
            139.183757,
            35.642374
          ],
          [
            139.183821,
            35.642467
          ],
          [
            139.184115,
            35.642678
          ],
          [
            139.184307,
            35.642797
          ],
          [
            139.184397,
            35.64288
          ],
          [
            139.184448,
            35.643165
          ],
          [
            139.184384,
            35.643542
          ],
          [
            139.184256,
            35.64377
          ],
          [
            139.184218,
            35.644138
          ],
          [
            139.184256,
            35.644368
          ],
          [
            139.184218,
            35.644512
          ],
          [
            139.184256,
            35.644643
          ],
          [
            139.184256,
            35.644707
          ],
          [
            139.18423,
            35.644826
          ],
          [
            139.184218,
            35.644883
          ],
          [
            139.184256,
            35.644813
          ],
          [
            139.184141,
            35.644963
          ],
          [
            139.184205,
            35.645027
          ],
          [
            139.184397,
            35.645168
          ],
          [
            139.184602,
            35.64535
          ],
          [
            139.184755,
            35.645462
          ],
          [
            139.184973,
            35.64553
          ],
          [
            139.185331,
            35.645744
          ],
          [
            139.185587,
            35.645885
          ],
          [
            139.185946,
            35.645994
          ],
          [
            139.186253,
            35.646096
          ],
          [
            139.186406,
            35.64616
          ],
          [
            139.186534,
            35.646192
          ],
          [
            139.18665,
            35.646211
          ],
          [
            139.186765,
            35.646205
          ],
          [
            139.186893,
            35.646195
          ],
          [
            139.187059,
            35.646227
          ],
          [
            139.187238,
            35.646304
          ],
          [
            139.187366,
            35.646378
          ],
          [
            139.187546,
            35.64649
          ],
          [
            139.187648,
            35.64655
          ],
          [
            139.18784,
            35.646634
          ],
          [
            139.18807,
            35.64665
          ],
          [
            139.188467,
            35.646589
          ],
          [
            139.18857,
            35.646557
          ],
          [
            139.188659,
            35.646554
          ],
          [
            139.188762,
            35.646541
          ],
          [
            139.18889,
            35.646538
          ],
          [
            139.18903,
            35.646515
          ],
          [
            139.189133,
            35.646483
          ],
          [
            139.189235,
            35.646451
          ],
          [
            139.189363,
            35.64641
          ],
          [
            139.189453,
            35.646346
          ],
          [
            139.189542,
            35.646275
          ],
          [
            139.189606,
            35.646186
          ],
          [
            139.189683,
            35.64608
          ],
          [
            139.189747,
            35.646013
          ],
          [
            139.189862,
            35.645936
          ],
          [
            139.190003,
            35.645907
          ],
          [
            139.190323,
            35.645981
          ],
          [
            139.190502,
            35.646035
          ],
          [
            139.190566,
            35.64608
          ],
          [
            139.190643,
            35.646125
          ],
          [
            139.19081,
            35.646195
          ],
          [
            139.191104,
            35.646266
          ],
          [
            139.191091,
            35.646061
          ],
          [
            139.191104,
            35.645709
          ],
          [
            139.191373,
            35.645651
          ],
          [
            139.19145,
            35.645261
          ],
          [
            139.191578,
            35.645043
          ],
          [
            139.191821,
            35.644726
          ],
          [
            139.191962,
            35.644547
          ],
          [
            139.192205,
            35.644368
          ],
          [
            139.192474,
            35.644115
          ],
          [
            139.192614,
            35.643997
          ],
          [
            139.192768,
            35.643795
          ],
          [
            139.19287,
            35.643661
          ],
          [
            139.19296,
            35.643574
          ],
          [
            139.193024,
            35.643498
          ],
          [
            139.193075,
            35.643405
          ],
          [
            139.193126,
            35.643318
          ],
          [
            139.193254,
            35.643174
          ],
          [
            139.193318,
            35.643082
          ],
          [
            139.193485,
            35.642928
          ],
          [
            139.1936,
            35.64288
          ],
          [
            139.193728,
            35.642848
          ],
          [
            139.19383,
            35.642781
          ],
          [
            139.19401,
            35.642691
          ],
          [
            139.194163,
            35.642618
          ],
          [
            139.194266,
            35.642557
          ],
          [
            139.194406,
            35.64249
          ],
          [
            139.194522,
            35.642426
          ],
          [
            139.194624,
            35.642368
          ],
          [
            139.194752,
            35.642314
          ],
          [
            139.194931,
            35.642205
          ],
          [
            139.194995,
            35.642093
          ],
          [
            139.195085,
            35.641962
          ],
          [
            139.195149,
            35.641869
          ],
          [
            139.1952,
            35.641766
          ],
          [
            139.195277,
            35.641658
          ],
          [
            139.195328,
            35.641568
          ],
          [
            139.195379,
            35.641469
          ],
          [
            139.19543,
            35.641395
          ],
          [
            139.195494,
            35.641306
          ],
          [
            139.195558,
            35.641232
          ],
          [
            139.195661,
            35.641155
          ],
          [
            139.195802,
            35.641107
          ],
          [
            139.195994,
            35.64105
          ],
          [
            139.196058,
            35.640979
          ],
          [
            139.196134,
            35.640902
          ],
          [
            139.196224,
            35.640816
          ],
          [
            139.196314,
            35.640742
          ],
          [
            139.196582,
            35.640678
          ],
          [
            139.196685,
            35.640624
          ],
          [
            139.197094,
            35.64048
          ],
          [
            139.197235,
            35.640416
          ],
          [
            139.197363,
            35.640317
          ],
          [
            139.197453,
            35.64025
          ],
          [
            139.197632,
            35.640122
          ],
          [
            139.197862,
            35.639939
          ],
          [
            139.197926,
            35.639872
          ],
          [
            139.197978,
            35.63977
          ],
          [
            139.198029,
            35.639686
          ],
          [
            139.198016,
            35.639382
          ],
          [
            139.198042,
            35.639286
          ],
          [
            139.198054,
            35.639171
          ],
          [
            139.198131,
            35.639018
          ],
          [
            139.198118,
            35.638906
          ],
          [
            139.198157,
            35.63881
          ],
          [
            139.198106,
            35.638669
          ],
          [
            139.198093,
            35.638515
          ],
          [
            139.198272,
            35.638592
          ],
          [
            139.198797,
            35.63855
          ],
          [
            139.199117,
            35.638362
          ],
          [
            139.199219,
            35.638298
          ],
          [
            139.199347,
            35.638218
          ],
          [
            139.199552,
            35.638051
          ],
          [
            139.199629,
            35.637981
          ],
          [
            139.199859,
            35.637824
          ],
          [
            139.2,
            35.637718
          ],
          [
            139.200166,
            35.637574
          ],
          [
            139.200358,
            35.637389
          ],
          [
            139.200666,
            35.63735
          ],
          [
            139.200781,
            35.637229
          ],
          [
            139.200896,
            35.637165
          ],
          [
            139.20096,
            35.637091
          ],
          [
            139.201114,
            35.637024
          ],
          [
            139.201229,
            35.63696
          ],
          [
            139.201382,
            35.636912
          ],
          [
            139.201536,
            35.636858
          ],
          [
            139.201741,
            35.636794
          ],
          [
            139.201856,
            35.636733
          ],
          [
            139.201971,
            35.636653
          ],
          [
            139.202061,
            35.63656
          ],
          [
            139.20215,
            35.63649
          ],
          [
            139.202227,
            35.636426
          ],
          [
            139.20233,
            35.636346
          ],
          [
            139.202534,
            35.636272
          ],
          [
            139.202662,
            35.636112
          ],
          [
            139.202816,
            35.63592
          ],
          [
            139.202867,
            35.635805
          ],
          [
            139.20288,
            35.635635
          ],
          [
            139.20297,
            35.635501
          ],
          [
            139.203098,
            35.635277
          ],
          [
            139.203162,
            35.635123
          ],
          [
            139.203456,
            35.635014
          ],
          [
            139.203341,
            35.634723
          ],
          [
            139.203277,
            35.634643
          ],
          [
            139.203251,
            35.634538
          ],
          [
            139.203251,
            35.634518
          ],
          [
            139.203174,
            35.634454
          ],
          [
            139.203059,
            35.634422
          ],
          [
            139.202957,
            35.634387
          ],
          [
            139.202829,
            35.634307
          ],
          [
            139.202944,
            35.634141
          ],
          [
            139.203021,
            35.634032
          ],
          [
            139.203059,
            35.633914
          ],
          [
            139.203059,
            35.633712
          ],
          [
            139.203123,
            35.633434
          ],
          [
            139.203277,
            35.633232
          ],
          [
            139.20343,
            35.633014
          ],
          [
            139.203661,
            35.632662
          ],
          [
            139.203725,
            35.632246
          ],
          [
            139.203814,
            35.631824
          ],
          [
            139.203853,
            35.631405
          ],
          [
            139.203981,
            35.630995
          ],
          [
            139.204058,
            35.630614
          ],
          [
            139.204019,
            35.630221
          ],
          [
            139.204147,
            35.629843
          ],
          [
            139.204147,
            35.629741
          ],
          [
            139.204147,
            35.629645
          ],
          [
            139.204122,
            35.629542
          ],
          [
            139.204083,
            35.629437
          ],
          [
            139.20407,
            35.629334
          ],
          [
            139.204058,
            35.629174
          ],
          [
            139.204019,
            35.629078
          ],
          [
            139.203981,
            35.628922
          ],
          [
            139.203981,
            35.628822
          ],
          [
            139.203955,
            35.62872
          ],
          [
            139.20393,
            35.628621
          ],
          [
            139.203917,
            35.628525
          ],
          [
            139.203891,
            35.628438
          ],
          [
            139.203878,
            35.628349
          ],
          [
            139.203853,
            35.62825
          ],
          [
            139.20384,
            35.62816
          ],
          [
            139.203827,
            35.628064
          ],
          [
            139.203814,
            35.627962
          ],
          [
            139.203802,
            35.627866
          ],
          [
            139.203763,
            35.62777
          ],
          [
            139.20375,
            35.62767
          ],
          [
            139.203686,
            35.627584
          ],
          [
            139.203686,
            35.627485
          ],
          [
            139.203827,
            35.627357
          ],
          [
            139.203814,
            35.627293
          ],
          [
            139.203763,
            35.627197
          ],
          [
            139.20375,
            35.627094
          ],
          [
            139.203699,
            35.626989
          ],
          [
            139.203661,
            35.626893
          ],
          [
            139.203597,
            35.626784
          ],
          [
            139.20352,
            35.626685
          ],
          [
            139.203456,
            35.626595
          ],
          [
            139.203507,
            35.626387
          ],
          [
            139.203533,
            35.626275
          ],
          [
            139.203558,
            35.626166
          ],
          [
            139.203571,
            35.626067
          ],
          [
            139.203571,
            35.625958
          ],
          [
            139.203494,
            35.625878
          ],
          [
            139.203328,
            35.625821
          ],
          [
            139.203213,
            35.625686
          ],
          [
            139.203136,
            35.625584
          ],
          [
            139.203085,
            35.625488
          ],
          [
            139.20297,
            35.625421
          ],
          [
            139.20265,
            35.625222
          ],
          [
            139.202509,
            35.624918
          ],
          [
            139.202342,
            35.624666
          ],
          [
            139.20224,
            35.624467
          ],
          [
            139.202138,
            35.624083
          ],
          [
            139.202138,
            35.623664
          ],
          [
            139.202061,
            35.62337
          ],
          [
            139.202022,
            35.62327
          ],
          [
            139.201984,
            35.623165
          ],
          [
            139.201946,
            35.623066
          ],
          [
            139.201869,
            35.62295
          ],
          [
            139.201779,
            35.622867
          ],
          [
            139.20169,
            35.6228
          ],
          [
            139.201574,
            35.62272
          ],
          [
            139.201472,
            35.622653
          ],
          [
            139.20137,
            35.622582
          ],
          [
            139.20128,
            35.622506
          ],
          [
            139.20119,
            35.622432
          ],
          [
            139.201114,
            35.622355
          ],
          [
            139.201062,
            35.622275
          ],
          [
            139.200998,
            35.622186
          ],
          [
            139.200947,
            35.622093
          ],
          [
            139.200896,
            35.622003
          ],
          [
            139.200832,
            35.62192
          ],
          [
            139.200806,
            35.621837
          ],
          [
            139.20073,
            35.62175
          ],
          [
            139.20064,
            35.621658
          ],
          [
            139.200499,
            35.62159
          ],
          [
            139.200384,
            35.62153
          ],
          [
            139.200282,
            35.621498
          ],
          [
            139.200282,
            35.621498
          ],
          [
            139.200115,
            35.62144
          ],
          [
            139.2,
            35.621395
          ],
          [
            139.199859,
            35.621341
          ],
          [
            139.199731,
            35.62129
          ],
          [
            139.199603,
            35.621213
          ],
          [
            139.199475,
            35.621133
          ],
          [
            139.19936,
            35.621085
          ],
          [
            139.199206,
            35.621021
          ],
          [
            139.199091,
            35.620963
          ],
          [
            139.198989,
            35.620925
          ],
          [
            139.198835,
            35.620854
          ],
          [
            139.198746,
            35.620787
          ],
          [
            139.198643,
            35.620742
          ],
          [
            139.198515,
            35.620662
          ],
          [
            139.198413,
            35.620608
          ],
          [
            139.198272,
            35.620534
          ],
          [
            139.198157,
            35.620464
          ],
          [
            139.198054,
            35.620416
          ],
          [
            139.197926,
            35.620387
          ],
          [
            139.197811,
            35.620368
          ],
          [
            139.197683,
            35.620349
          ],
          [
            139.197568,
            35.620326
          ],
          [
            139.197414,
            35.620278
          ],
          [
            139.197338,
            35.620218
          ],
          [
            139.197261,
            35.62015
          ],
          [
            139.197171,
            35.62007
          ],
          [
            139.197107,
            35.619984
          ],
          [
            139.197005,
            35.619885
          ],
          [
            139.196966,
            35.619795
          ],
          [
            139.196774,
            35.619517
          ],
          [
            139.196736,
            35.619418
          ],
          [
            139.196672,
            35.619325
          ],
          [
            139.196595,
            35.619168
          ],
          [
            139.196531,
            35.619078
          ],
          [
            139.196467,
            35.618896
          ],
          [
            139.196429,
            35.618797
          ],
          [
            139.196365,
            35.618714
          ],
          [
            139.19625,
            35.618611
          ],
          [
            139.196147,
            35.618541
          ],
          [
            139.196019,
            35.618461
          ],
          [
            139.195917,
            35.618413
          ],
          [
            139.195802,
            35.618371
          ],
          [
            139.195622,
            35.618336
          ],
          [
            139.195482,
            35.61831
          ],
          [
            139.195379,
            35.618246
          ],
          [
            139.195277,
            35.618186
          ],
          [
            139.195162,
            35.618093
          ],
          [
            139.194995,
            35.618067
          ],
          [
            139.194854,
            35.618045
          ],
          [
            139.194714,
            35.618032
          ],
          [
            139.194586,
            35.617994
          ],
          [
            139.19447,
            35.617942
          ],
          [
            139.194381,
            35.617866
          ],
          [
            139.194317,
            35.617779
          ],
          [
            139.194278,
            35.61768
          ],
          [
            139.194266,
            35.617584
          ],
          [
            139.194266,
            35.617485
          ],
          [
            139.194278,
            35.617389
          ],
          [
            139.194291,
            35.617299
          ],
          [
            139.19433,
            35.61713
          ],
          [
            139.194291,
            35.617046
          ],
          [
            139.194227,
            35.616973
          ],
          [
            139.194163,
            35.61689
          ],
          [
            139.194112,
            35.61681
          ],
          [
            139.193997,
            35.616736
          ],
          [
            139.193907,
            35.616656
          ],
          [
            139.193818,
            35.61657
          ],
          [
            139.19369,
            35.616496
          ],
          [
            139.1936,
            35.616432
          ],
          [
            139.193498,
            35.616346
          ],
          [
            139.193408,
            35.616272
          ],
          [
            139.193293,
            35.616195
          ],
          [
            139.19319,
            35.616134
          ],
          [
            139.193075,
            35.616086
          ],
          [
            139.193011,
            35.616157
          ],
          [
            139.19296,
            35.616234
          ],
          [
            139.19287,
            35.61631
          ],
          [
            139.192768,
            35.616374
          ],
          [
            139.19264,
            35.616432
          ],
          [
            139.192525,
            35.616493
          ],
          [
            139.192397,
            35.616547
          ],
          [
            139.192256,
            35.616608
          ],
          [
            139.19209,
            35.616672
          ],
          [
            139.191936,
            35.61673
          ],
          [
            139.191821,
            35.616771
          ],
          [
            139.191667,
            35.616822
          ],
          [
            139.191526,
            35.616851
          ],
          [
            139.191386,
            35.616893
          ],
          [
            139.191283,
            35.616915
          ],
          [
            139.19113,
            35.616944
          ],
          [
            139.190989,
            35.616928
          ],
          [
            139.190874,
            35.616906
          ],
          [
            139.190746,
            35.616854
          ],
          [
            139.190618,
            35.616826
          ],
          [
            139.19049,
            35.616806
          ],
          [
            139.190374,
            35.616781
          ],
          [
            139.190246,
            35.616752
          ],
          [
            139.190118,
            35.616749
          ],
          [
            139.18999,
            35.616746
          ],
          [
            139.18985,
            35.616746
          ],
          [
            139.189722,
            35.616768
          ],
          [
            139.189606,
            35.616806
          ],
          [
            139.189504,
            35.616813
          ],
          [
            139.189376,
            35.61679
          ],
          [
            139.189325,
            35.616784
          ]
        ]
      }
    }
  ]
}