{
  "type": "FeatureCollection",
  "features": [
    {
      "geometry": {
        "type": "LineString",
        "coordinates": [
          [
            139.243688,
            35.625227
          ],
          [
            139.243444,
            35.625189
          ],
          [
            139.2432,
            35.62515
          ],
          [
            139.243,
            35.6251
          ],
          [
            139.2428,
            35.62505
          ],
          [
            139.2426,
            35.624983
          ],
          [
            139.2424,
            35.624917
          ],
          [
            139.2422,
            35.62485
          ],
          [
            139.24195,
            35.624775
          ],
          [
            139.2417,
            35.6247
          ],
          [
            139.24146,
            35.62467
          ],
          [
            139.24122,
            35.62464
          ],
          [
            139.24098,
            35.62461
          ],
          [
            139.24074,
            35.62458
          ],
          [
            139.2405,
            35.62455
          ],
          [
            139.240267,
            35.624583
          ],
          [
            139.240033,
            35.624617
          ],
          [
            139.2398,
            35.62465
          ],
          [
            139.2396,
            35.6247
          ],
          [
            139.2394,
            35.62475
          ],
          [
            139.2392,
            35.6248
          ],
          [
            139.239,
            35.62495
          ],
          [
            139.2388,
            35.6251
          ],
          [
            139.23865,
            35.62525
          ],
          [
            139.2385,
            35.6254
          ],
          [
            139.23825,
            35.62545
          ],
          [
            139.238,
            35.6255
          ],
          [
            139.23775,
            35.62555
          ],
          [
            139.2375,
            35.6256
          ],
          [
            139.23725,
            35.62565
          ],
          [
            139.237,
            35.6257
          ],
          [
            139.23675,
            35.62575
          ],
          [
            139.2365,
            35.6258
          ],
          [
            139.23625,
            35.62585
          ],
          [
            139.236,
            35.6259
          ],
          [
            139.23576,
            35.62593
          ],
          [
            139.23552,
            35.62596
          ],
          [
            139.23528,
            35.62599
          ],
          [
            139.23504,
            35.62602
          ],
          [
            139.2348,
            35.62605
          ],
          [
            139.234631,
            35.626145
          ],
          [
            139.234497,
            35.626195
          ],
          [
            139.234265,
            35.626204
          ],
          [
            139.234124,
            35.626238
          ],
          [
            139.233983,
            35.626272
          ],
          [
            139.233796,
            35.626255
          ],
          [
            139.233608,
            35.626238
          ],
          [
            139.233421,
            35.626222
          ],
          [
            139.233193,
            35.626208
          ],
          [
            139.233029,
            35.62624
          ],
          [
            139.232892,
            35.6262
          ],
          [
            139.232754,
            35.626159
          ],
          [
            139.23264,
            35.626143
          ],
          [
            139.232515,
            35.626133
          ],
          [
            139.232322,
            35.626131
          ],
          [
            139.232108,
            35.626199
          ],
          [
            139.231893,
            35.626266
          ],
          [
            139.23174,
            35.626268
          ],
          [
            139.231587,
            35.62627
          ],
          [
            139.231421,
            35.626271
          ],
          [
            139.231255,
            35.626271
          ],
          [
            139.231005,
            35.626272
          ],
          [
            139.230887,
            35.626306
          ],
          [
            139.230735,
            35.62626
          ],
          [
            139.230583,
            35.626215
          ],
          [
            139.230418,
            35.626212
          ],
          [
            139.230253,
            35.626209
          ],
          [
            139.230077,
            35.626273
          ],
          [
            139.2299,
            35.626336
          ],
          [
            139.229719,
            35.626329
          ],
          [
            139.229572,
            35.626354
          ],
          [
            139.229562,
            35.626356
          ],
          [
            139.229485,
            35.62637
          ],
          [
            139.22928,
            35.626393
          ],
          [
            139.229219,
            35.6264
          ],
          [
            139.229104,
            35.626407
          ],
          [
            139.229035,
            35.626408
          ],
          [
            139.228871,
            35.626412
          ],
          [
            139.228736,
            35.626409
          ],
          [
            139.228536,
            35.626479
          ],
          [
            139.228525,
            35.626515
          ],
          [
            139.228457,
            35.626542
          ],
          [
            139.228195,
            35.626608
          ],
          [
            139.228093,
            35.626631
          ],
          [
            139.227882,
            35.626639
          ],
          [
            139.227703,
            35.626688
          ],
          [
            139.227567,
            35.626671
          ],
          [
            139.227407,
            35.626631
          ],
          [
            139.227247,
            35.62659
          ],
          [
            139.227043,
            35.626523
          ],
          [
            139.226967,
            35.626509
          ],
          [
            139.226795,
            35.626522
          ],
          [
            139.226622,
            35.626535
          ],
          [
            139.226462,
            35.626567
          ],
          [
            139.226291,
            35.626676
          ],
          [
            139.226222,
            35.626752
          ],
          [
            139.226142,
            35.626848
          ],
          [
            139.226099,
            35.626907
          ],
          [
            139.22602,
            35.627026
          ],
          [
            139.225963,
            35.627171
          ],
          [
            139.225896,
            35.62722
          ],
          [
            139.225767,
            35.627279
          ],
          [
            139.225523,
            35.627357
          ],
          [
            139.225386,
            35.627334
          ],
          [
            139.22525,
            35.627312
          ],
          [
            139.225169,
            35.627362
          ],
          [
            139.225007,
            35.627469
          ],
          [
            139.224846,
            35.627576
          ],
          [
            139.224739,
            35.627657
          ],
          [
            139.224586,
            35.627709
          ],
          [
            139.22434,
            35.627682
          ],
          [
            139.224188,
            35.627707
          ],
          [
            139.223988,
            35.627813
          ],
          [
            139.223948,
            35.627882
          ],
          [
            139.223874,
            35.627948
          ],
          [
            139.22366,
            35.628074
          ],
          [
            139.223516,
            35.628179
          ],
          [
            139.223359,
            35.628163
          ],
          [
            139.223203,
            35.628147
          ],
          [
            139.223062,
            35.62817
          ],
          [
            139.22287,
            35.628213
          ],
          [
            139.222746,
            35.628235
          ],
          [
            139.222628,
            35.628256
          ],
          [
            139.222549,
            35.62825
          ],
          [
            139.22252,
            35.628284
          ],
          [
            139.222486,
            35.628349
          ],
          [
            139.222475,
            35.628426
          ],
          [
            139.222466,
            35.628571
          ],
          [
            139.222393,
            35.628691
          ],
          [
            139.22232,
            35.628811
          ],
          [
            139.222204,
            35.628932
          ],
          [
            139.222088,
            35.629052
          ],
          [
            139.221886,
            35.62914
          ],
          [
            139.221762,
            35.62918
          ],
          [
            139.221656,
            35.629289
          ],
          [
            139.221549,
            35.629398
          ],
          [
            139.221429,
            35.629544
          ],
          [
            139.221318,
            35.629652
          ],
          [
            139.221177,
            35.629746
          ],
          [
            139.221109,
            35.629718
          ],
          [
            139.221015,
            35.629664
          ],
          [
            139.220937,
            35.629631
          ],
          [
            139.220839,
            35.62972
          ],
          [
            139.220793,
            35.629846
          ],
          [
            139.220805,
            35.629917
          ],
          [
            139.220875,
            35.629931
          ],
          [
            139.220921,
            35.629951
          ],
          [
            139.220955,
            35.629995
          ],
          [
            139.220971,
            35.630038
          ],
          [
            139.220989,
            35.630079
          ],
          [
            139.220999,
            35.630171
          ],
          [
            139.220998,
            35.630221
          ],
          [
            139.221018,
            35.630322
          ],
          [
            139.221033,
            35.630403
          ],
          [
            139.221018,
            35.63051
          ],
          [
            139.220988,
            35.63057
          ],
          [
            139.22094,
            35.630625
          ],
          [
            139.220884,
            35.630679
          ],
          [
            139.220838,
            35.630734
          ],
          [
            139.220777,
            35.630789
          ],
          [
            139.220716,
            35.630859
          ],
          [
            139.220657,
            35.6309
          ],
          [
            139.220598,
            35.630916
          ],
          [
            139.220536,
            35.630921
          ],
          [
            139.220476,
            35.630957
          ],
          [
            139.220385,
            35.631011
          ],
          [
            139.220331,
            35.631011
          ],
          [
            139.22025,
            35.631174
          ],
          [
            139.220214,
            35.631208
          ],
          [
            139.220134,
            35.631246
          ],
          [
            139.220082,
            35.631268
          ],
          [
            139.220024,
            35.631289
          ],
          [
            139.219962,
            35.631319
          ],
          [
            139.219911,
            35.631333
          ],
          [
            139.219893,
            35.631339
          ],
          [
            139.219873,
            35.631382
          ],
          [
            139.219902,
            35.6314
          ],
          [
            139.219876,
            35.631494
          ],
          [
            139.219801,
            35.631548
          ],
          [
            139.219743,
            35.631611
          ],
          [
            139.219706,
            35.631641
          ],
          [
            139.219668,
            35.631669
          ],
          [
            139.21961,
            35.631766
          ],
          [
            139.219576,
            35.631802
          ],
          [
            139.219557,
            35.6318
          ],
          [
            139.219522,
            35.631824
          ],
          [
            139.219521,
            35.631849
          ],
          [
            139.219448,
            35.631903
          ],
          [
            139.219434,
            35.631931
          ],
          [
            139.219395,
            35.631937
          ],
          [
            139.21927,
            35.632003
          ],
          [
            139.219204,
            35.632042
          ],
          [
            139.219165,
            35.632073
          ],
          [
            139.219156,
            35.632116
          ],
          [
            139.219162,
            35.632153
          ],
          [
            139.21911,
            35.632226
          ],
          [
            139.219072,
            35.632268
          ],
          [
            139.219027,
            35.63233
          ],
          [
            139.21902,
            35.632396
          ],
          [
            139.218936,
            35.632468
          ],
          [
            139.218892,
            35.632542
          ],
          [
            139.218883,
            35.632604
          ],
          [
            139.21887,
            35.632675
          ],
          [
            139.218851,
            35.632742
          ],
          [
            139.21882,
            35.632799
          ],
          [
            139.21881,
            35.632863
          ],
          [
            139.218803,
            35.632912
          ],
          [
            139.218795,
            35.632978
          ],
          [
            139.218764,
            35.633113
          ],
          [
            139.218724,
            35.633152
          ],
          [
            139.218687,
            35.633214
          ],
          [
            139.218647,
            35.633316
          ],
          [
            139.218614,
            35.6334
          ],
          [
            139.218574,
            35.633489
          ],
          [
            139.218534,
            35.63355
          ],
          [
            139.218496,
            35.633603
          ],
          [
            139.218438,
            35.63364
          ],
          [
            139.218349,
            35.633687
          ],
          [
            139.218238,
            35.633746
          ],
          [
            139.218156,
            35.633794
          ],
          [
            139.218056,
            35.633815
          ],
          [
            139.21791,
            35.633904
          ],
          [
            139.217886,
            35.63395
          ],
          [
            139.217829,
            35.633998
          ],
          [
            139.217779,
            35.634044
          ],
          [
            139.21771,
            35.634078
          ],
          [
            139.217657,
            35.634132
          ],
          [
            139.217593,
            35.634192
          ],
          [
            139.217529,
            35.634288
          ],
          [
            139.217459,
            35.634326
          ],
          [
            139.21742,
            35.634374
          ],
          [
            139.217339,
            35.634434
          ],
          [
            139.217278,
            35.634432
          ],
          [
            139.217196,
            35.634442
          ],
          [
            139.217125,
            35.634461
          ],
          [
            139.217075,
            35.63449
          ],
          [
            139.217025,
            35.634512
          ],
          [
            139.216948,
            35.634543
          ],
          [
            139.2169,
            35.634574
          ],
          [
            139.216853,
            35.634612
          ],
          [
            139.216834,
            35.634649
          ],
          [
            139.216752,
            35.634698
          ],
          [
            139.216749,
            35.634729
          ],
          [
            139.216777,
            35.634766
          ],
          [
            139.216767,
            35.634805
          ],
          [
            139.216797,
            35.634864
          ],
          [
            139.216818,
            35.634875
          ],
          [
            139.216851,
            35.634892
          ],
          [
            139.216869,
            35.634901
          ],
          [
            139.216858,
            35.634975
          ],
          [
            139.216867,
            35.635033
          ],
          [
            139.216868,
            35.63508
          ],
          [
            139.216887,
            35.635137
          ],
          [
            139.216889,
            35.635144
          ],
          [
            139.216909,
            35.635212
          ],
          [
            139.216935,
            35.635259
          ],
          [
            139.216931,
            35.635306
          ],
          [
            139.21698,
            35.635338
          ],
          [
            139.217014,
            35.635388
          ],
          [
            139.216959,
            35.635409
          ],
          [
            139.216972,
            35.635437
          ],
          [
            139.21694,
            35.635443
          ],
          [
            139.216893,
            35.635513
          ],
          [
            139.216901,
            35.635538
          ],
          [
            139.216854,
            35.635568
          ],
          [
            139.216785,
            35.635592
          ],
          [
            139.216699,
            35.635639
          ],
          [
            139.216622,
            35.635853
          ],
          [
            139.216545,
            35.636068
          ],
          [
            139.216468,
            35.636282
          ],
          [
            139.21643,
            35.636328
          ],
          [
            139.216447,
            35.636336
          ],
          [
            139.21648,
            35.636325
          ],
          [
            139.2165,
            35.636332
          ],
          [
            139.216507,
            35.636347
          ],
          [
            139.216466,
            35.636363
          ],
          [
            139.216435,
            35.636406
          ],
          [
            139.216324,
            35.636449
          ],
          [
            139.216312,
            35.636473
          ],
          [
            139.216362,
            35.636487
          ],
          [
            139.216365,
            35.636524
          ],
          [
            139.216348,
            35.636526
          ],
          [
            139.216322,
            35.636519
          ],
          [
            139.216287,
            35.636518
          ],
          [
            139.21623,
            35.636544
          ],
          [
            139.216212,
            35.636569
          ],
          [
            139.216252,
            35.636672
          ],
          [
            139.216228,
            35.63674
          ],
          [
            139.216188,
            35.636795
          ],
          [
            139.216093,
            35.636849
          ],
          [
            139.216062,
            35.636872
          ],
          [
            139.21603,
            35.636865
          ],
          [
            139.215995,
            35.636827
          ],
          [
            139.215978,
            35.636814
          ],
          [
            139.215916,
            35.636861
          ],
          [
            139.215843,
            35.636864
          ],
          [
            139.215651,
            35.636999
          ],
          [
            139.215597,
            35.63721
          ],
          [
            139.21553,
            35.637399
          ],
          [
            139.215537,
            35.63744
          ],
          [
            139.21549,
            35.637495
          ],
          [
            139.215506,
            35.637524
          ],
          [
            139.215466,
            35.63767
          ],
          [
            139.215433,
            35.63774
          ],
          [
            139.215451,
            35.637866
          ],
          [
            139.215469,
            35.637991
          ],
          [
            139.215479,
            35.63811
          ],
          [
            139.215511,
            35.638174
          ],
          [
            139.215506,
            35.638276
          ],
          [
            139.215478,
            35.638387
          ],
          [
            139.215449,
            35.638497
          ],
          [
            139.215484,
            35.638571
          ],
          [
            139.215424,
            35.638628
          ],
          [
            139.215423,
            35.638631
          ],
          [
            139.215411,
            35.638659
          ],
          [
            139.215454,
            35.638723
          ],
          [
            139.215449,
            35.63876
          ],
          [
            139.215461,
            35.638844
          ],
          [
            139.21549,
            35.638852
          ],
          [
            139.215529,
            35.638818
          ],
          [
            139.215533,
            35.638845
          ],
          [
            139.215504,
            35.638935
          ],
          [
            139.215537,
            35.639089
          ],
          [
            139.215572,
            35.639163
          ],
          [
            139.215584,
            35.639289
          ],
          [
            139.215558,
            35.639384
          ],
          [
            139.215568,
            35.639468
          ],
          [
            139.21552,
            35.639592
          ],
          [
            139.215472,
            35.639715
          ],
          [
            139.215402,
            35.639837
          ],
          [
            139.215368,
            35.640045
          ],
          [
            139.215334,
            35.640254
          ],
          [
            139.2153,
            35.640462
          ],
          [
            139.215267,
            35.640611
          ],
          [
            139.215219,
            35.640666
          ],
          [
            139.215219,
            35.640698
          ],
          [
            139.215192,
            35.640719
          ],
          [
            139.215188,
            35.640791
          ],
          [
            139.215095,
            35.640902
          ],
          [
            139.215054,
            35.640984
          ],
          [
            139.214994,
            35.640992
          ],
          [
            139.214866,
            35.641112
          ],
          [
            139.214738,
            35.641231
          ],
          [
            139.214668,
            35.641357
          ],
          [
            139.214657,
            35.641521
          ],
          [
            139.214659,
            35.641669
          ],
          [
            139.214667,
            35.641821
          ],
          [
            139.214709,
            35.641959
          ],
          [
            139.214752,
            35.642096
          ],
          [
            139.214816,
            35.642209
          ],
          [
            139.214872,
            35.642331
          ],
          [
            139.214929,
            35.642454
          ],
          [
            139.215006,
            35.642454
          ],
          [
            139.215053,
            35.642468
          ],
          [
            139.215064,
            35.642502
          ],
          [
            139.215033,
            35.642643
          ],
          [
            139.215022,
            35.642828
          ],
          [
            139.21501,
            35.643013
          ],
          [
            139.215043,
            35.64312
          ],
          [
            139.215013,
            35.643184
          ],
          [
            139.215071,
            35.643256
          ],
          [
            139.215043,
            35.643349
          ],
          [
            139.214997,
            35.643397
          ],
          [
            139.214942,
            35.643533
          ],
          [
            139.214886,
            35.64367
          ],
          [
            139.21495,
            35.643826
          ],
          [
            139.215014,
            35.643982
          ],
          [
            139.214982,
            35.64407
          ],
          [
            139.215031,
            35.644149
          ],
          [
            139.215205,
            35.6443
          ],
          [
            139.215331,
            35.644421
          ],
          [
            139.215384,
            35.644579
          ],
          [
            139.215437,
            35.644737
          ],
          [
            139.215479,
            35.644812
          ],
          [
            139.215654,
            35.64489
          ],
          [
            139.215828,
            35.644968
          ],
          [
            139.215825,
            35.644987
          ],
          [
            139.215676,
            35.645004
          ],
          [
            139.215648,
            35.645039
          ],
          [
            139.215682,
            35.645048
          ],
          [
            139.21578,
            35.645065
          ],
          [
            139.215898,
            35.645127
          ],
          [
            139.215969,
            35.645156
          ],
          [
            139.215986,
            35.645184
          ],
          [
            139.215971,
            35.645199
          ],
          [
            139.215833,
            35.64521
          ],
          [
            139.215825,
            35.645255
          ],
          [
            139.215863,
            35.645309
          ],
          [
            139.215908,
            35.645327
          ],
          [
            139.215969,
            35.645396
          ],
          [
            139.21592,
            35.645542
          ],
          [
            139.215908,
            35.645764
          ],
          [
            139.215832,
            35.645886
          ],
          [
            139.215755,
            35.646009
          ],
          [
            139.215742,
            35.646141
          ],
          [
            139.215668,
            35.646183
          ],
          [
            139.215598,
            35.646353
          ],
          [
            139.21547,
            35.646397
          ],
          [
            139.215341,
            35.646441
          ],
          [
            139.215126,
            35.646487
          ],
          [
            139.214963,
            35.646617
          ],
          [
            139.214921,
            35.646727
          ],
          [
            139.214895,
            35.646918
          ],
          [
            139.214856,
            35.647013
          ],
          [
            139.214819,
            35.647129
          ],
          [
            139.214727,
            35.647249
          ],
          [
            139.21456,
            35.647288
          ],
          [
            139.214406,
            35.647289
          ],
          [
            139.214283,
            35.64736
          ],
          [
            139.214184,
            35.647403
          ],
          [
            139.21403,
            35.647537
          ],
          [
            139.213906,
            35.647694
          ],
          [
            139.213882,
            35.647806
          ],
          [
            139.213858,
            35.647918
          ],
          [
            139.213752,
            35.64806
          ],
          [
            139.213537,
            35.648121
          ],
          [
            139.213353,
            35.648101
          ],
          [
            139.213241,
            35.648105
          ],
          [
            139.213097,
            35.648151
          ],
          [
            139.212954,
            35.648197
          ],
          [
            139.212771,
            35.648269
          ],
          [
            139.212629,
            35.648415
          ],
          [
            139.212487,
            35.648561
          ],
          [
            139.212398,
            35.648578
          ],
          [
            139.212184,
            35.648584
          ],
          [
            139.212056,
            35.648612
          ],
          [
            139.211897,
            35.648719
          ],
          [
            139.211848,
            35.64883
          ],
          [
            139.2118,
            35.648941
          ],
          [
            139.211645,
            35.649089
          ],
          [
            139.211638,
            35.649098
          ],
          [
            139.211565,
            35.649198
          ],
          [
            139.211493,
            35.649298
          ],
          [
            139.211412,
            35.649401
          ],
          [
            139.211313,
            35.649509
          ],
          [
            139.21121,
            35.649482
          ],
          [
            139.211014,
            35.649464
          ],
          [
            139.210841,
            35.649435
          ],
          [
            139.210655,
            35.649447
          ],
          [
            139.210469,
            35.649458
          ],
          [
            139.210224,
            35.649435
          ],
          [
            139.210023,
            35.649461
          ],
          [
            139.209822,
            35.649487
          ],
          [
            139.209613,
            35.649499
          ],
          [
            139.209485,
            35.649639
          ],
          [
            139.209434,
            35.649769
          ],
          [
            139.209383,
            35.649899
          ],
          [
            139.209253,
            35.649897
          ],
          [
            139.209173,
            35.649864
          ],
          [
            139.209006,
            35.649855
          ],
          [
            139.208839,
            35.649847
          ],
          [
            139.2087,
            35.649876
          ],
          [
            139.20854,
            35.649879
          ],
          [
            139.208381,
            35.649881
          ],
          [
            139.208154,
            35.649833
          ],
          [
            139.207928,
            35.649785
          ],
          [
            139.207782,
            35.649832
          ],
          [
            139.207637,
            35.64988
          ],
          [
            139.207529,
            35.649955
          ],
          [
            139.207422,
            35.650031
          ],
          [
            139.207277,
            35.650049
          ],
          [
            139.20707,
            35.650174
          ],
          [
            139.206863,
            35.650246
          ],
          [
            139.206752,
            35.650437
          ],
          [
            139.206642,
            35.650628
          ],
          [
            139.206618,
            35.650766
          ],
          [
            139.206594,
            35.650903
          ],
          [
            139.20643,
            35.651015
          ],
          [
            139.206266,
            35.651127
          ],
          [
            139.206102,
            35.651238
          ],
          [
            139.206086,
            35.651249
          ],
          [
            139.206076,
            35.651261
          ],
          [
            139.205984,
            35.651369
          ],
          [
            139.205893,
            35.651477
          ],
          [
            139.205717,
            35.651629
          ],
          [
            139.205542,
            35.65178
          ],
          [
            139.205405,
            35.651828
          ],
          [
            139.205269,
            35.651876
          ],
          [
            139.205103,
            35.651874
          ],
          [
            139.204937,
            35.651872
          ],
          [
            139.204738,
            35.651825
          ],
          [
            139.20454,
            35.651779
          ],
          [
            139.204364,
            35.651797
          ],
          [
            139.204188,
            35.651815
          ],
          [
            139.203968,
            35.651849
          ],
          [
            139.203783,
            35.651878
          ],
          [
            139.20357,
            35.651967
          ],
          [
            139.203527,
            35.652056
          ],
          [
            139.203463,
            35.652175
          ],
          [
            139.203398,
            35.652295
          ],
          [
            139.203368,
            35.652406
          ],
          [
            139.203337,
            35.652518
          ],
          [
            139.203288,
            35.652604
          ],
          [
            139.203168,
            35.652671
          ],
          [
            139.203024,
            35.652688
          ],
          [
            139.202881,
            35.652704
          ],
          [
            139.202654,
            35.652758
          ],
          [
            139.202544,
            35.652834
          ],
          [
            139.20245,
            35.652946
          ],
          [
            139.202305,
            35.653077
          ],
          [
            139.202198,
            35.653095
          ],
          [
            139.202119,
            35.653069
          ],
          [
            139.201989,
            35.652915
          ],
          [
            139.201898,
            35.652752
          ],
          [
            139.201833,
            35.652689
          ],
          [
            139.201772,
            35.652636
          ],
          [
            139.201654,
            35.652578
          ],
          [
            139.201517,
            35.652561
          ],
          [
            139.201323,
            35.652591
          ],
          [
            139.201129,
            35.65262
          ],
          [
            139.200936,
            35.65265
          ],
          [
            139.200717,
            35.652631
          ],
          [
            139.200499,
            35.652612
          ],
          [
            139.200346,
            35.652615
          ],
          [
            139.200194,
            35.652619
          ],
          [
            139.20015,
            35.652651
          ],
          [
            139.200096,
            35.652749
          ],
          [
            139.199956,
            35.652894
          ],
          [
            139.199824,
            35.652941
          ],
          [
            139.19967,
            35.653018
          ],
          [
            139.19948,
            35.652945
          ],
          [
            139.199278,
            35.652862
          ],
          [
            139.199135,
            35.65289
          ],
          [
            139.198992,
            35.652917
          ],
          [
            139.198749,
            35.653014
          ],
          [
            139.198522,
            35.653087
          ],
          [
            139.198383,
            35.653088
          ],
          [
            139.198244,
            35.653089
          ],
          [
            139.198073,
            35.653055
          ],
          [
            139.197902,
            35.653021
          ],
          [
            139.1978,
            35.652922
          ],
          [
            139.197698,
            35.652823
          ],
          [
            139.197557,
            35.652698
          ],
          [
            139.197406,
            35.652638
          ],
          [
            139.197309,
            35.652581
          ],
          [
            139.197183,
            35.652487
          ],
          [
            139.197094,
            35.652406
          ],
          [
            139.197022,
            35.652312
          ],
          [
            139.196981,
            35.652183
          ],
          [
            139.196903,
            35.652068
          ],
          [
            139.196798,
            35.65198
          ],
          [
            139.19655,
            35.651924
          ],
          [
            139.196356,
            35.651823
          ],
          [
            139.1963,
            35.651725
          ],
          [
            139.196266,
            35.651591
          ],
          [
            139.196173,
            35.651497
          ],
          [
            139.19608,
            35.651402
          ],
          [
            139.195903,
            35.651378
          ],
          [
            139.195647,
            35.651391
          ],
          [
            139.19542,
            35.651307
          ],
          [
            139.195247,
            35.651296
          ],
          [
            139.195075,
            35.651284
          ],
          [
            139.194919,
            35.651217
          ],
          [
            139.194763,
            35.65115
          ],
          [
            139.194628,
            35.651075
          ],
          [
            139.194493,
            35.651
          ],
          [
            139.194346,
            35.650987
          ],
          [
            139.194188,
            35.650975
          ],
          [
            139.194009,
            35.650913
          ],
          [
            139.193829,
            35.650765
          ],
          [
            139.193648,
            35.650616
          ],
          [
            139.19341,
            35.650554
          ],
          [
            139.193173,
            35.650492
          ],
          [
            139.192967,
            35.650371
          ],
          [
            139.192857,
            35.650286
          ],
          [
            139.192747,
            35.6502
          ],
          [
            139.192616,
            35.650085
          ],
          [
            139.192484,
            35.64997
          ],
          [
            139.192411,
            35.649882
          ],
          [
            139.192424,
            35.649712
          ],
          [
            139.192437,
            35.649542
          ],
          [
            139.192437,
            35.649382
          ],
          [
            139.192437,
            35.649223
          ],
          [
            139.192437,
            35.649063
          ],
          [
            139.192409,
            35.648899
          ],
          [
            139.192402,
            35.64877
          ],
          [
            139.192363,
            35.648593
          ],
          [
            139.192324,
            35.648417
          ],
          [
            139.192285,
            35.64824
          ],
          [
            139.192243,
            35.648155
          ],
          [
            139.192184,
            35.647986
          ],
          [
            139.192126,
            35.647817
          ],
          [
            139.192005,
            35.647649
          ],
          [
            139.191885,
            35.64748
          ],
          [
            139.191795,
            35.647407
          ],
          [
            139.191706,
            35.64735
          ],
          [
            139.191519,
            35.64732
          ],
          [
            139.191333,
            35.647289
          ],
          [
            139.191185,
            35.64725
          ],
          [
            139.191037,
            35.64721
          ],
          [
            139.190906,
            35.647147
          ],
          [
            139.190699,
            35.647029
          ],
          [
            139.190609,
            35.646962
          ],
          [
            139.190485,
            35.646837
          ],
          [
            139.190297,
            35.646742
          ],
          [
            139.190053,
            35.646699
          ],
          [
            139.18989,
            35.646628
          ],
          [
            139.189727,
            35.646557
          ],
          [
            139.189488,
            35.646502
          ],
          [
            139.189274,
            35.646469
          ],
          [
            139.189074,
            35.646459
          ],
          [
            139.188875,
            35.646448
          ],
          [
            139.188676,
            35.646438
          ],
          [
            139.188526,
            35.646481
          ],
          [
            139.188375,
            35.646524
          ],
          [
            139.188235,
            35.646597
          ],
          [
            139.188117,
            35.64661
          ],
          [
            139.187998,
            35.646602
          ],
          [
            139.187841,
            35.646551
          ],
          [
            139.18775,
            35.646514
          ],
          [
            139.187593,
            35.646451
          ],
          [
            139.187473,
            35.646386
          ],
          [
            139.187352,
            35.64632
          ],
          [
            139.187148,
            35.646231
          ],
          [
            139.186976,
            35.646237
          ],
          [
            139.186751,
            35.646244
          ],
          [
            139.186581,
            35.646203
          ],
          [
            139.186411,
            35.646161
          ],
          [
            139.186258,
            35.646095
          ],
          [
            139.186105,
            35.646028
          ],
          [
            139.18593,
            35.645964
          ],
          [
            139.185756,
            35.6459
          ],
          [
            139.185626,
            35.645857
          ],
          [
            139.185496,
            35.645815
          ],
          [
            139.185362,
            35.64573
          ],
          [
            139.185228,
            35.645645
          ],
          [
            139.185031,
            35.645555
          ],
          [
            139.184833,
            35.645466
          ],
          [
            139.184732,
            35.64536
          ],
          [
            139.184631,
            35.645254
          ],
          [
            139.18448,
            35.64517
          ],
          [
            139.184329,
            35.645086
          ],
          [
            139.184156,
            35.644984
          ],
          [
            139.184009,
            35.645045
          ],
          [
            139.183842,
            35.645131
          ],
          [
            139.183611,
            35.645234
          ],
          [
            139.18338,
            35.645336
          ],
          [
            139.183197,
            35.645382
          ],
          [
            139.183015,
            35.645429
          ],
          [
            139.182851,
            35.645441
          ],
          [
            139.182688,
            35.645453
          ],
          [
            139.182516,
            35.645454
          ],
          [
            139.182344,
            35.645455
          ],
          [
            139.182131,
            35.645547
          ],
          [
            139.181974,
            35.64561
          ],
          [
            139.181816,
            35.645674
          ],
          [
            139.181638,
            35.645733
          ],
          [
            139.181459,
            35.645793
          ],
          [
            139.181275,
            35.645775
          ],
          [
            139.181092,
            35.645758
          ],
          [
            139.18095,
            35.645735
          ],
          [
            139.180807,
            35.645711
          ],
          [
            139.180634,
            35.6457
          ],
          [
            139.18046,
            35.645689
          ],
          [
            139.180238,
            35.645679
          ],
          [
            139.180016,
            35.645669
          ],
          [
            139.179794,
            35.645659
          ],
          [
            139.179583,
            35.645639
          ],
          [
            139.179372,
            35.64562
          ],
          [
            139.179185,
            35.645584
          ],
          [
            139.179057,
            35.645559
          ],
          [
            139.178944,
            35.645607
          ],
          [
            139.178774,
            35.645737
          ],
          [
            139.178613,
            35.645918
          ],
          [
            139.178442,
            35.646081
          ],
          [
            139.178337,
            35.646173
          ],
          [
            139.178233,
            35.646266
          ],
          [
            139.178113,
            35.646369
          ],
          [
            139.177994,
            35.646473
          ],
          [
            139.1779,
            35.646551
          ],
          [
            139.177793,
            35.646631
          ],
          [
            139.177685,
            35.64671
          ],
          [
            139.177506,
            35.646769
          ],
          [
            139.17736,
            35.646792
          ],
          [
            139.177278,
            35.646905
          ],
          [
            139.177188,
            35.647096
          ],
          [
            139.177132,
            35.647232
          ],
          [
            139.177009,
            35.647378
          ],
          [
            139.176891,
            35.647565
          ],
          [
            139.176717,
            35.64768
          ],
          [
            139.176564,
            35.647805
          ],
          [
            139.176454,
            35.647907
          ],
          [
            139.176333,
            35.648001
          ],
          [
            139.176175,
            35.64811
          ],
          [
            139.176036,
            35.648151
          ],
          [
            139.175947,
            35.648175
          ],
          [
            139.175869,
            35.648249
          ],
          [
            139.175831,
            35.648364
          ],
          [
            139.175831,
            35.648465
          ],
          [
            139.175803,
            35.648657
          ],
          [
            139.175796,
            35.648768
          ],
          [
            139.175768,
            35.648876
          ],
          [
            139.175748,
            35.649011
          ],
          [
            139.175751,
            35.649082
          ],
          [
            139.175725,
            35.649221
          ],
          [
            139.175659,
            35.64934
          ],
          [
            139.175486,
            35.649461
          ],
          [
            139.175391,
            35.649559
          ],
          [
            139.175312,
            35.649658
          ],
          [
            139.175234,
            35.649757
          ],
          [
            139.175089,
            35.649841
          ],
          [
            139.174944,
            35.649925
          ],
          [
            139.174758,
            35.650023
          ],
          [
            139.17452,
            35.650045
          ],
          [
            139.174247,
            35.650052
          ],
          [
            139.174089,
            35.650141
          ],
          [
            139.173899,
            35.650237
          ],
          [
            139.17371,
            35.650333
          ],
          [
            139.173489,
            35.650452
          ],
          [
            139.173236,
            35.650473
          ],
          [
            139.172981,
            35.650465
          ],
          [
            139.172836,
            35.650453
          ],
          [
            139.172691,
            35.650442
          ],
          [
            139.172462,
            35.650371
          ],
          [
            139.172232,
            35.650375
          ],
          [
            139.172086,
            35.650357
          ],
          [
            139.171966,
            35.650358
          ],
          [
            139.171852,
            35.650358
          ],
          [
            139.171688,
            35.650391
          ],
          [
            139.171491,
            35.650467
          ],
          [
            139.171324,
            35.650522
          ],
          [
            139.171199,
            35.650545
          ],
          [
            139.171079,
            35.650576
          ],
          [
            139.170928,
            35.650663
          ],
          [
            139.170778,
            35.650734
          ],
          [
            139.170628,
            35.650806
          ],
          [
            139.170449,
            35.650901
          ],
          [
            139.17027,
            35.650996
          ],
          [
            139.170071,
            35.651102
          ],
          [
            139.169987,
            35.651232
          ],
          [
            139.169903,
            35.651362
          ],
          [
            139.169771,
            35.651476
          ],
          [
            139.169586,
            35.651533
          ],
          [
            139.169407,
            35.651485
          ],
          [
            139.169271,
            35.651422
          ],
          [
            139.169136,
            35.651359
          ],
          [
            139.168971,
            35.651256
          ],
          [
            139.168786,
            35.651273
          ],
          [
            139.168596,
            35.651294
          ],
          [
            139.168406,
            35.651315
          ],
          [
            139.168229,
            35.651295
          ],
          [
            139.16809,
            35.651233
          ],
          [
            139.16795,
            35.65117
          ],
          [
            139.167811,
            35.651142
          ],
          [
            139.167673,
            35.651114
          ],
          [
            139.167465,
            35.651039
          ],
          [
            139.167311,
            35.650981
          ],
          [
            139.167177,
            35.651007
          ],
          [
            139.167016,
            35.651042
          ],
          [
            139.166909,
            35.651094
          ],
          [
            139.166777,
            35.651179
          ],
          [
            139.166645,
            35.651264
          ],
          [
            139.166624,
            35.651317
          ],
          [
            139.166651,
            35.651353
          ],
          [
            139.166583,
            35.651569
          ],
          [
            139.166547,
            35.651712
          ],
          [
            139.166514,
            35.651839
          ],
          [
            139.166526,
            35.652036
          ],
          [
            139.166567,
            35.652078
          ],
          [
            139.166577,
            35.652268
          ],
          [
            139.166596,
            35.652384
          ],
          [
            139.166713,
            35.652585
          ],
          [
            139.166733,
            35.652665
          ],
          [
            139.166787,
            35.652833
          ],
          [
            139.16684,
            35.653001
          ],
          [
            139.166864,
            35.653189
          ],
          [
            139.166961,
            35.653264
          ],
          [
            139.16715,
            35.653386
          ],
          [
            139.167358,
            35.653474
          ],
          [
            139.16756,
            35.653517
          ],
          [
            139.167702,
            35.653707
          ],
          [
            139.167699,
            35.653809
          ],
          [
            139.167751,
            35.653888
          ],
          [
            139.167769,
            35.654106
          ],
          [
            139.1678,
            35.654229
          ],
          [
            139.167831,
            35.654352
          ],
          [
            139.167922,
            35.654515
          ],
          [
            139.167973,
            35.65467
          ],
          [
            139.16793,
            35.654836
          ],
          [
            139.167895,
            35.654984
          ],
          [
            139.167866,
            35.655174
          ],
          [
            139.167837,
            35.655365
          ],
          [
            139.167845,
            35.655557
          ],
          [
            139.167879,
            35.655625
          ],
          [
            139.167944,
            35.655677
          ],
          [
            139.167955,
            35.655687
          ],
          [
            139.168093,
            35.655765
          ],
          [
            139.16823,
            35.655843
          ],
          [
            139.16834,
            35.655952
          ],
          [
            139.168396,
            35.656132
          ],
          [
            139.168452,
            35.656312
          ],
          [
            139.168562,
            35.656447
          ],
          [
            139.168672,
            35.656583
          ],
          [
            139.16874,
            35.656701
          ],
          [
            139.168769,
            35.656819
          ],
          [
            139.168766,
            35.656931
          ],
          [
            139.168762,
            35.657044
          ],
          [
            139.16872,
            35.657231
          ],
          [
            139.168683,
            35.657341
          ],
          [
            139.168645,
            35.657452
          ],
          [
            139.16864,
            35.657592
          ],
          [
            139.168638,
            35.657639
          ]
        ]
      },
      "properties": {
        "route_id": "route_3_traverse",
        "source": "OpenStreetMap contributors (ODbL)",
        "difficulty": "intermediate",
        "name": "景信山縦走",
        "color": "#FFD966",
        "osm_relation_id": 2517083
      },
      "type": "Feature"
    },
    {
      "geometry": {
        "type": "LineString",
        "coordinates": [
          [
            139.243688,
            35.625227
          ],
          [
            139.243444,
            35.625189
          ],
          [
            139.2432,
            35.62515
          ],
          [
            139.243,
            35.6251
          ],
          [
            139.2428,
            35.62505
          ],
          [
            139.2426,
            35.624983
          ],
          [
            139.2424,
            35.624917
          ],
          [
            139.2422,
            35.62485
          ],
          [
            139.24195,
            35.624775
          ],
          [
            139.2417,
            35.6247
          ],
          [
            139.24146,
            35.62467
          ],
          [
            139.24122,
            35.62464
          ],
          [
            139.24098,
            35.62461
          ],
          [
            139.24074,
            35.62458
          ],
          [
            139.2405,
            35.62455
          ],
          [
            139.240267,
            35.624583
          ],
          [
            139.240033,
            35.624617
          ],
          [
            139.2398,
            35.62465
          ],
          [
            139.2396,
            35.6247
          ],
          [
            139.2394,
            35.62475
          ],
          [
            139.2392,
            35.6248
          ],
          [
            139.239,
            35.62495
          ],
          [
            139.2388,
            35.6251
          ],
          [
            139.23865,
            35.62525
          ],
          [
            139.2385,
            35.6254
          ],
          [
            139.23825,
            35.62545
          ],
          [
            139.238,
            35.6255
          ],
          [
            139.23775,
            35.62555
          ],
          [
            139.2375,
            35.6256
          ],
          [
            139.23725,
            35.62565
          ],
          [
            139.237,
            35.6257
          ],
          [
            139.23675,
            35.62575
          ],
          [
            139.2365,
            35.6258
          ],
          [
            139.23625,
            35.62585
          ],
          [
            139.236,
            35.6259
          ],
          [
            139.23576,
            35.62593
          ],
          [
            139.23552,
            35.62596
          ],
          [
            139.23528,
            35.62599
          ],
          [
            139.23504,
            35.62602
          ],
          [
            139.2348,
            35.62605
          ],
          [
            139.234631,
            35.626145
          ],
          [
            139.234497,
            35.626195
          ],
          [
            139.234265,
            35.626204
          ],
          [
            139.234124,
            35.626238
          ],
          [
            139.233983,
            35.626272
          ],
          [
            139.233796,
            35.626255
          ],
          [
            139.233608,
            35.626238
          ],
          [
            139.233421,
            35.626222
          ],
          [
            139.233193,
            35.626208
          ],
          [
            139.233029,
            35.62624
          ],
          [
            139.232892,
            35.6262
          ],
          [
            139.232754,
            35.626159
          ],
          [
            139.23264,
            35.626143
          ],
          [
            139.232515,
            35.626133
          ],
          [
            139.232322,
            35.626131
          ],
          [
            139.232108,
            35.626199
          ],
          [
            139.231893,
            35.626266
          ],
          [
            139.23174,
            35.626268
          ],
          [
            139.231587,
            35.62627
          ],
          [
            139.231421,
            35.626271
          ],
          [
            139.231255,
            35.626271
          ],
          [
            139.231005,
            35.626272
          ],
          [
            139.230887,
            35.626306
          ],
          [
            139.230735,
            35.62626
          ],
          [
            139.230583,
            35.626215
          ],
          [
            139.230418,
            35.626212
          ],
          [
            139.230253,
            35.626209
          ],
          [
            139.230077,
            35.626273
          ],
          [
            139.2299,
            35.626336
          ],
          [
            139.229719,
            35.626329
          ],
          [
            139.229572,
            35.626354
          ],
          [
            139.229562,
            35.626356
          ],
          [
            139.229485,
            35.62637
          ],
          [
            139.22928,
            35.626393
          ],
          [
            139.229219,
            35.6264
          ],
          [
            139.229104,
            35.626407
          ],
          [
            139.229035,
            35.626408
          ],
          [
            139.228871,
            35.626412
          ],
          [
            139.228736,
            35.626409
          ],
          [
            139.228536,
            35.626479
          ],
          [
            139.228525,
            35.626515
          ],
          [
            139.228457,
            35.626542
          ],
          [
            139.228195,
            35.626608
          ],
          [
            139.228093,
            35.626631
          ],
          [
            139.227882,
            35.626639
          ],
          [
            139.227703,
            35.626688
          ],
          [
            139.227567,
            35.626671
          ],
          [
            139.227407,
            35.626631
          ],
          [
            139.227247,
            35.62659
          ],
          [
            139.227043,
            35.626523
          ],
          [
            139.226967,
            35.626509
          ],
          [
            139.226795,
            35.626522
          ],
          [
            139.226622,
            35.626535
          ],
          [
            139.226462,
            35.626567
          ],
          [
            139.226291,
            35.626676
          ],
          [
            139.226222,
            35.626752
          ],
          [
            139.226142,
            35.626848
          ],
          [
            139.226099,
            35.626907
          ],
          [
            139.22602,
            35.627026
          ],
          [
            139.225963,
            35.627171
          ],
          [
            139.225896,
            35.62722
          ],
          [
            139.225767,
            35.627279
          ],
          [
            139.225523,
            35.627357
          ],
          [
            139.225386,
            35.627334
          ],
          [
            139.22525,
            35.627312
          ],
          [
            139.225169,
            35.627362
          ],
          [
            139.225007,
            35.627469
          ],
          [
            139.224846,
            35.627576
          ],
          [
            139.224739,
            35.627657
          ],
          [
            139.224586,
            35.627709
          ],
          [
            139.22434,
            35.627682
          ],
          [
            139.224188,
            35.627707
          ],
          [
            139.223988,
            35.627813
          ],
          [
            139.223948,
            35.627882
          ],
          [
            139.223874,
            35.627948
          ],
          [
            139.22366,
            35.628074
          ],
          [
            139.223516,
            35.628179
          ],
          [
            139.223359,
            35.628163
          ],
          [
            139.223203,
            35.628147
          ],
          [
            139.223062,
            35.62817
          ],
          [
            139.22287,
            35.628213
          ],
          [
            139.222746,
            35.628235
          ],
          [
            139.222628,
            35.628256
          ],
          [
            139.222549,
            35.62825
          ],
          [
            139.22252,
            35.628284
          ],
          [
            139.222486,
            35.628349
          ],
          [
            139.222475,
            35.628426
          ],
          [
            139.222466,
            35.628571
          ],
          [
            139.222393,
            35.628691
          ],
          [
            139.22232,
            35.628811
          ],
          [
            139.222204,
            35.628932
          ],
          [
            139.222088,
            35.629052
          ],
          [
            139.221886,
            35.62914
          ],
          [
            139.221762,
            35.62918
          ],
          [
            139.221656,
            35.629289
          ],
          [
            139.221549,
            35.629398
          ],
          [
            139.221429,
            35.629544
          ],
          [
            139.221318,
            35.629652
          ],
          [
            139.221177,
            35.629746
          ],
          [
            139.221109,
            35.629718
          ],
          [
            139.221015,
            35.629664
          ],
          [
            139.220937,
            35.629631
          ],
          [
            139.220839,
            35.62972
          ],
          [
            139.220793,
            35.629846
          ],
          [
            139.220805,
            35.629917
          ],
          [
            139.220875,
            35.629931
          ],
          [
            139.220921,
            35.629951
          ],
          [
            139.220955,
            35.629995
          ],
          [
            139.220971,
            35.630038
          ],
          [
            139.220989,
            35.630079
          ],
          [
            139.220999,
            35.630171
          ],
          [
            139.220998,
            35.630221
          ],
          [
            139.221018,
            35.630322
          ],
          [
            139.221033,
            35.630403
          ],
          [
            139.221018,
            35.63051
          ],
          [
            139.220988,
            35.63057
          ],
          [
            139.22094,
            35.630625
          ],
          [
            139.220884,
            35.630679
          ],
          [
            139.220838,
            35.630734
          ],
          [
            139.220777,
            35.630789
          ],
          [
            139.220716,
            35.630859
          ],
          [
            139.220657,
            35.6309
          ],
          [
            139.220598,
            35.630916
          ],
          [
            139.220536,
            35.630921
          ],
          [
            139.220476,
            35.630957
          ],
          [
            139.220385,
            35.631011
          ],
          [
            139.220331,
            35.631011
          ],
          [
            139.22025,
            35.631174
          ],
          [
            139.220214,
            35.631208
          ],
          [
            139.220134,
            35.631246
          ],
          [
            139.220082,
            35.631268
          ],
          [
            139.220024,
            35.631289
          ],
          [
            139.219962,
            35.631319
          ],
          [
            139.219911,
            35.631333
          ],
          [
            139.219893,
            35.631339
          ],
          [
            139.219873,
            35.631382
          ],
          [
            139.219902,
            35.6314
          ],
          [
            139.219876,
            35.631494
          ],
          [
            139.219801,
            35.631548
          ],
          [
            139.219743,
            35.631611
          ],
          [
            139.219706,
            35.631641
          ],
          [
            139.219668,
            35.631669
          ],
          [
            139.21961,
            35.631766
          ],
          [
            139.219576,
            35.631802
          ],
          [
            139.219557,
            35.6318
          ],
          [
            139.219522,
            35.631824
          ],
          [
            139.219521,
            35.631849
          ],
          [
            139.219448,
            35.631903
          ],
          [
            139.219434,
            35.631931
          ],
          [
            139.219395,
            35.631937
          ],
          [
            139.21927,
            35.632003
          ],
          [
            139.219204,
            35.632042
          ],
          [
            139.219165,
            35.632073
          ],
          [
            139.219156,
            35.632116
          ],
          [
            139.219162,
            35.632153
          ],
          [
            139.21911,
            35.632226
          ],
          [
            139.219072,
            35.632268
          ],
          [
            139.219027,
            35.63233
          ],
          [
            139.21902,
            35.632396
          ],
          [
            139.218936,
            35.632468
          ],
          [
            139.218892,
            35.632542
          ],
          [
            139.218883,
            35.632604
          ],
          [
            139.21887,
            35.632675
          ],
          [
            139.218851,
            35.632742
          ],
          [
            139.21882,
            35.632799
          ],
          [
            139.21881,
            35.632863
          ],
          [
            139.218803,
            35.632912
          ],
          [
            139.218795,
            35.632978
          ],
          [
            139.218764,
            35.633113
          ],
          [
            139.218724,
            35.633152
          ],
          [
            139.218687,
            35.633214
          ],
          [
            139.218647,
            35.633316
          ],
          [
            139.218614,
            35.6334
          ],
          [
            139.218574,
            35.633489
          ],
          [
            139.218534,
            35.63355
          ],
          [
            139.218496,
            35.633603
          ],
          [
            139.218438,
            35.63364
          ],
          [
            139.218349,
            35.633687
          ],
          [
            139.218238,
            35.633746
          ],
          [
            139.218156,
            35.633794
          ],
          [
            139.218056,
            35.633815
          ],
          [
            139.21791,
            35.633904
          ],
          [
            139.217886,
            35.63395
          ],
          [
            139.217829,
            35.633998
          ],
          [
            139.217779,
            35.634044
          ],
          [
            139.21771,
            35.634078
          ],
          [
            139.217657,
            35.634132
          ],
          [
            139.217593,
            35.634192
          ],
          [
            139.217529,
            35.634288
          ],
          [
            139.217459,
            35.634326
          ],
          [
            139.21742,
            35.634374
          ],
          [
            139.217339,
            35.634434
          ],
          [
            139.217278,
            35.634432
          ],
          [
            139.217196,
            35.634442
          ],
          [
            139.217125,
            35.634461
          ],
          [
            139.217075,
            35.63449
          ],
          [
            139.217025,
            35.634512
          ],
          [
            139.216948,
            35.634543
          ],
          [
            139.2169,
            35.634574
          ],
          [
            139.216853,
            35.634612
          ],
          [
            139.216834,
            35.634649
          ],
          [
            139.216752,
            35.634698
          ],
          [
            139.216749,
            35.634729
          ],
          [
            139.216777,
            35.634766
          ],
          [
            139.216767,
            35.634805
          ],
          [
            139.216797,
            35.634864
          ],
          [
            139.216818,
            35.634875
          ],
          [
            139.216851,
            35.634892
          ],
          [
            139.216869,
            35.634901
          ],
          [
            139.216858,
            35.634975
          ],
          [
            139.216867,
            35.635033
          ],
          [
            139.216868,
            35.63508
          ],
          [
            139.216887,
            35.635137
          ],
          [
            139.216889,
            35.635144
          ],
          [
            139.216909,
            35.635212
          ],
          [
            139.216935,
            35.635259
          ],
          [
            139.216931,
            35.635306
          ],
          [
            139.21698,
            35.635338
          ],
          [
            139.217014,
            35.635388
          ],
          [
            139.216959,
            35.635409
          ],
          [
            139.216972,
            35.635437
          ],
          [
            139.21694,
            35.635443
          ],
          [
            139.216893,
            35.635513
          ],
          [
            139.216901,
            35.635538
          ],
          [
            139.216854,
            35.635568
          ],
          [
            139.216785,
            35.635592
          ],
          [
            139.216699,
            35.635639
          ],
          [
            139.216622,
            35.635853
          ],
          [
            139.216545,
            35.636068
          ],
          [
            139.216468,
            35.636282
          ],
          [
            139.21643,
            35.636328
          ],
          [
            139.216447,
            35.636336
          ],
          [
            139.21648,
            35.636325
          ],
          [
            139.2165,
            35.636332
          ],
          [
            139.216507,
            35.636347
          ],
          [
            139.216466,
            35.636363
          ],
          [
            139.216435,
            35.636406
          ],
          [
            139.216324,
            35.636449
          ],
          [
            139.216312,
            35.636473
          ],
          [
            139.216362,
            35.636487
          ],
          [
            139.216365,
            35.636524
          ],
          [
            139.216348,
            35.636526
          ],
          [
            139.216322,
            35.636519
          ],
          [
            139.216287,
            35.636518
          ],
          [
            139.21623,
            35.636544
          ],
          [
            139.216212,
            35.636569
          ],
          [
            139.216252,
            35.636672
          ],
          [
            139.216228,
            35.63674
          ],
          [
            139.216188,
            35.636795
          ],
          [
            139.216093,
            35.636849
          ],
          [
            139.216062,
            35.636872
          ],
          [
            139.21603,
            35.636865
          ],
          [
            139.215995,
            35.636827
          ],
          [
            139.215978,
            35.636814
          ],
          [
            139.215916,
            35.636861
          ],
          [
            139.215843,
            35.636864
          ],
          [
            139.215651,
            35.636999
          ],
          [
            139.215597,
            35.63721
          ],
          [
            139.21553,
            35.637399
          ],
          [
            139.215537,
            35.63744
          ],
          [
            139.21549,
            35.637495
          ],
          [
            139.215506,
            35.637524
          ],
          [
            139.215466,
            35.63767
          ],
          [
            139.215433,
            35.63774
          ],
          [
            139.215451,
            35.637866
          ],
          [
            139.215469,
            35.637991
          ],
          [
            139.215479,
            35.63811
          ],
          [
            139.215511,
            35.638174
          ],
          [
            139.215506,
            35.638276
          ],
          [
            139.215478,
            35.638387
          ],
          [
            139.215449,
            35.638497
          ],
          [
            139.215484,
            35.638571
          ],
          [
            139.215424,
            35.638628
          ],
          [
            139.215423,
            35.638631
          ],
          [
            139.215411,
            35.638659
          ],
          [
            139.215454,
            35.638723
          ],
          [
            139.215449,
            35.63876
          ],
          [
            139.215461,
            35.638844
          ],
          [
            139.21549,
            35.638852
          ],
          [
            139.215529,
            35.638818
          ],
          [
            139.215533,
            35.638845
          ],
          [
            139.215504,
            35.638935
          ],
          [
            139.215537,
            35.639089
          ],
          [
            139.215572,
            35.639163
          ],
          [
            139.215584,
            35.639289
          ],
          [
            139.215558,
            35.639384
          ],
          [
            139.215568,
            35.639468
          ],
          [
            139.21552,
            35.639592
          ],
          [
            139.215472,
            35.639715
          ],
          [
            139.215402,
            35.639837
          ],
          [
            139.215368,
            35.640045
          ],
          [
            139.215334,
            35.640254
          ],
          [
            139.2153,
            35.640462
          ],
          [
            139.215267,
            35.640611
          ],
          [
            139.215219,
            35.640666
          ],
          [
            139.215219,
            35.640698
          ],
          [
            139.215192,
            35.640719
          ],
          [
            139.215188,
            35.640791
          ],
          [
            139.215095,
            35.640902
          ],
          [
            139.215054,
            35.640984
          ],
          [
            139.214994,
            35.640992
          ],
          [
            139.214866,
            35.641112
          ],
          [
            139.214738,
            35.641231
          ],
          [
            139.214668,
            35.641357
          ],
          [
            139.214657,
            35.641521
          ],
          [
            139.214659,
            35.641669
          ],
          [
            139.214667,
            35.641821
          ],
          [
            139.214709,
            35.641959
          ],
          [
            139.214752,
            35.642096
          ],
          [
            139.214816,
            35.642209
          ],
          [
            139.214872,
            35.642331
          ],
          [
            139.214929,
            35.642454
          ],
          [
            139.215006,
            35.642454
          ],
          [
            139.215053,
            35.642468
          ],
          [
            139.215064,
            35.642502
          ],
          [
            139.215033,
            35.642643
          ],
          [
            139.215022,
            35.642828
          ],
          [
            139.21501,
            35.643013
          ],
          [
            139.215043,
            35.64312
          ],
          [
            139.215013,
            35.643184
          ],
          [
            139.215071,
            35.643256
          ],
          [
            139.215043,
            35.643349
          ],
          [
            139.214997,
            35.643397
          ],
          [
            139.214942,
            35.643533
          ],
          [
            139.214886,
            35.64367
          ],
          [
            139.21495,
            35.643826
          ],
          [
            139.215014,
            35.643982
          ],
          [
            139.214982,
            35.64407
          ],
          [
            139.215031,
            35.644149
          ],
          [
            139.215205,
            35.6443
          ],
          [
            139.215331,
            35.644421
          ],
          [
            139.215384,
            35.644579
          ],
          [
            139.215437,
            35.644737
          ],
          [
            139.215479,
            35.644812
          ],
          [
            139.215654,
            35.64489
          ],
          [
            139.215828,
            35.644968
          ],
          [
            139.215825,
            35.644987
          ],
          [
            139.215676,
            35.645004
          ],
          [
            139.215648,
            35.645039
          ],
          [
            139.215682,
            35.645048
          ],
          [
            139.21578,
            35.645065
          ],
          [
            139.215898,
            35.645127
          ],
          [
            139.215969,
            35.645156
          ],
          [
            139.215986,
            35.645184
          ],
          [
            139.215971,
            35.645199
          ],
          [
            139.215833,
            35.64521
          ],
          [
            139.215825,
            35.645255
          ],
          [
            139.215863,
            35.645309
          ],
          [
            139.215908,
            35.645327
          ],
          [
            139.215969,
            35.645396
          ],
          [
            139.21592,
            35.645542
          ],
          [
            139.215908,
            35.645764
          ],
          [
            139.215832,
            35.645886
          ],
          [
            139.215755,
            35.646009
          ],
          [
            139.215742,
            35.646141
          ],
          [
            139.215668,
            35.646183
          ],
          [
            139.215598,
            35.646353
          ],
          [
            139.21547,
            35.646397
          ],
          [
            139.215341,
            35.646441
          ],
          [
            139.215126,
            35.646487
          ],
          [
            139.214963,
            35.646617
          ],
          [
            139.214921,
            35.646727
          ],
          [
            139.214895,
            35.646918
          ],
          [
            139.214856,
            35.647013
          ],
          [
            139.214819,
            35.647129
          ],
          [
            139.214727,
            35.647249
          ],
          [
            139.21456,
            35.647288
          ],
          [
            139.214406,
            35.647289
          ],
          [
            139.214283,
            35.64736
          ],
          [
            139.214184,
            35.647403
          ],
          [
            139.21403,
            35.647537
          ],
          [
            139.213906,
            35.647694
          ],
          [
            139.213882,
            35.647806
          ],
          [
            139.213858,
            35.647918
          ],
          [
            139.213752,
            35.64806
          ],
          [
            139.213537,
            35.648121
          ],
          [
            139.213353,
            35.648101
          ],
          [
            139.213241,
            35.648105
          ],
          [
            139.213097,
            35.648151
          ],
          [
            139.212954,
            35.648197
          ],
          [
            139.212771,
            35.648269
          ],
          [
            139.212629,
            35.648415
          ],
          [
            139.212487,
            35.648561
          ],
          [
            139.212398,
            35.648578
          ],
          [
            139.212184,
            35.648584
          ],
          [
            139.212056,
            35.648612
          ],
          [
            139.211897,
            35.648719
          ],
          [
            139.211848,
            35.64883
          ],
          [
            139.2118,
            35.648941
          ],
          [
            139.211645,
            35.649089
          ],
          [
            139.211638,
            35.649098
          ],
          [
            139.211565,
            35.649198
          ],
          [
            139.211493,
            35.649298
          ],
          [
            139.211412,
            35.649401
          ],
          [
            139.211313,
            35.649509
          ],
          [
            139.21121,
            35.649482
          ],
          [
            139.211014,
            35.649464
          ],
          [
            139.210841,
            35.649435
          ],
          [
            139.210655,
            35.649447
          ],
          [
            139.210469,
            35.649458
          ],
          [
            139.210224,
            35.649435
          ],
          [
            139.210023,
            35.649461
          ],
          [
            139.209822,
            35.649487
          ],
          [
            139.209613,
            35.649499
          ],
          [
            139.209485,
            35.649639
          ],
          [
            139.209434,
            35.649769
          ],
          [
            139.209383,
            35.649899
          ],
          [
            139.209253,
            35.649897
          ],
          [
            139.209173,
            35.649864
          ],
          [
            139.209006,
            35.649855
          ],
          [
            139.208839,
            35.649847
          ],
          [
            139.2087,
            35.649876
          ],
          [
            139.20854,
            35.649879
          ],
          [
            139.208381,
            35.649881
          ],
          [
            139.208154,
            35.649833
          ],
          [
            139.207928,
            35.649785
          ],
          [
            139.207782,
            35.649832
          ],
          [
            139.207637,
            35.64988
          ],
          [
            139.207529,
            35.649955
          ],
          [
            139.207422,
            35.650031
          ],
          [
            139.207277,
            35.650049
          ],
          [
            139.20707,
            35.650174
          ],
          [
            139.206863,
            35.650246
          ],
          [
            139.206752,
            35.650437
          ],
          [
            139.206642,
            35.650628
          ],
          [
            139.206618,
            35.650766
          ],
          [
            139.206594,
            35.650903
          ],
          [
            139.20643,
            35.651015
          ],
          [
            139.206266,
            35.651127
          ],
          [
            139.206102,
            35.651238
          ],
          [
            139.206086,
            35.651249
          ],
          [
            139.206076,
            35.651261
          ],
          [
            139.205984,
            35.651369
          ],
          [
            139.205893,
            35.651477
          ],
          [
            139.205717,
            35.651629
          ],
          [
            139.205542,
            35.65178
          ],
          [
            139.205405,
            35.651828
          ],
          [
            139.205269,
            35.651876
          ],
          [
            139.205103,
            35.651874
          ],
          [
            139.204937,
            35.651872
          ],
          [
            139.204738,
            35.651825
          ],
          [
            139.20454,
            35.651779
          ],
          [
            139.204364,
            35.651797
          ],
          [
            139.204188,
            35.651815
          ],
          [
            139.203968,
            35.651849
          ],
          [
            139.203783,
            35.651878
          ],
          [
            139.20357,
            35.651967
          ],
          [
            139.203527,
            35.652056
          ],
          [
            139.203463,
            35.652175
          ],
          [
            139.203398,
            35.652295
          ],
          [
            139.203368,
            35.652406
          ],
          [
            139.203337,
            35.652518
          ],
          [
            139.203288,
            35.652604
          ],
          [
            139.203168,
            35.652671
          ],
          [
            139.203024,
            35.652688
          ],
          [
            139.202881,
            35.652704
          ],
          [
            139.202654,
            35.652758
          ],
          [
            139.202544,
            35.652834
          ],
          [
            139.20245,
            35.652946
          ],
          [
            139.202305,
            35.653077
          ],
          [
            139.202198,
            35.653095
          ],
          [
            139.202119,
            35.653069
          ],
          [
            139.201989,
            35.652915
          ],
          [
            139.201898,
            35.652752
          ],
          [
            139.201833,
            35.652689
          ],
          [
            139.201772,
            35.652636
          ],
          [
            139.201654,
            35.652578
          ],
          [
            139.201517,
            35.652561
          ],
          [
            139.201323,
            35.652591
          ],
          [
            139.201129,
            35.65262
          ],
          [
            139.200936,
            35.65265
          ],
          [
            139.200717,
            35.652631
          ],
          [
            139.200499,
            35.652612
          ],
          [
            139.200346,
            35.652615
          ],
          [
            139.200194,
            35.652619
          ],
          [
            139.20015,
            35.652651
          ],
          [
            139.200096,
            35.652749
          ],
          [
            139.199956,
            35.652894
          ],
          [
            139.199824,
            35.652941
          ],
          [
            139.19967,
            35.653018
          ],
          [
            139.19948,
            35.652945
          ],
          [
            139.199278,
            35.652862
          ],
          [
            139.199135,
            35.65289
          ],
          [
            139.198992,
            35.652917
          ],
          [
            139.198749,
            35.653014
          ],
          [
            139.198522,
            35.653087
          ],
          [
            139.198383,
            35.653088
          ],
          [
            139.198244,
            35.653089
          ],
          [
            139.198073,
            35.653055
          ],
          [
            139.197902,
            35.653021
          ],
          [
            139.1978,
            35.652922
          ],
          [
            139.197698,
            35.652823
          ],
          [
            139.197557,
            35.652698
          ],
          [
            139.197406,
            35.652638
          ],
          [
            139.197309,
            35.652581
          ],
          [
            139.197183,
            35.652487
          ],
          [
            139.197094,
            35.652406
          ],
          [
            139.197022,
            35.652312
          ],
          [
            139.196981,
            35.652183
          ],
          [
            139.196903,
            35.652068
          ],
          [
            139.196798,
            35.65198
          ],
          [
            139.19655,
            35.651924
          ],
          [
            139.196356,
            35.651823
          ],
          [
            139.1963,
            35.651725
          ],
          [
            139.196266,
            35.651591
          ],
          [
            139.196173,
            35.651497
          ],
          [
            139.19608,
            35.651402
          ],
          [
            139.195903,
            35.651378
          ],
          [
            139.195647,
            35.651391
          ],
          [
            139.19542,
            35.651307
          ],
          [
            139.195247,
            35.651296
          ],
          [
            139.195075,
            35.651284
          ],
          [
            139.194919,
            35.651217
          ],
          [
            139.194763,
            35.65115
          ],
          [
            139.194628,
            35.651075
          ],
          [
            139.194493,
            35.651
          ],
          [
            139.194346,
            35.650987
          ],
          [
            139.194188,
            35.650975
          ],
          [
            139.194009,
            35.650913
          ],
          [
            139.193829,
            35.650765
          ],
          [
            139.193648,
            35.650616
          ],
          [
            139.19341,
            35.650554
          ],
          [
            139.193173,
            35.650492
          ],
          [
            139.192967,
            35.650371
          ],
          [
            139.192857,
            35.650286
          ],
          [
            139.192747,
            35.6502
          ],
          [
            139.192616,
            35.650085
          ],
          [
            139.192484,
            35.64997
          ],
          [
            139.192411,
            35.649882
          ],
          [
            139.192424,
            35.649712
          ],
          [
            139.192437,
            35.649542
          ],
          [
            139.192437,
            35.649382
          ],
          [
            139.192437,
            35.649223
          ],
          [
            139.192437,
            35.649063
          ],
          [
            139.192409,
            35.648899
          ],
          [
            139.192402,
            35.64877
          ],
          [
            139.192363,
            35.648593
          ],
          [
            139.192324,
            35.648417
          ],
          [
            139.192285,
            35.64824
          ],
          [
            139.192243,
            35.648155
          ],
          [
            139.192184,
            35.647986
          ],
          [
            139.192126,
            35.647817
          ],
          [
            139.192005,
            35.647649
          ],
          [
            139.191885,
            35.64748
          ],
          [
            139.191795,
            35.647407
          ],
          [
            139.191706,
            35.64735
          ],
          [
            139.191519,
            35.64732
          ],
          [
            139.191333,
            35.647289
          ],
          [
            139.191185,
            35.64725
          ],
          [
            139.191037,
            35.64721
          ],
          [
            139.190906,
            35.647147
          ],
          [
            139.190699,
            35.647029
          ],
          [
            139.190609,
            35.646962
          ],
          [
            139.190485,
            35.646837
          ],
          [
            139.190297,
            35.646742
          ],
          [
            139.190053,
            35.646699
          ],
          [
            139.18989,
            35.646628
          ],
          [
            139.189727,
            35.646557
          ],
          [
            139.189488,
            35.646502
          ],
          [
            139.189274,
            35.646469
          ],
          [
            139.189074,
            35.646459
          ],
          [
            139.188875,
            35.646448
          ],
          [
            139.188676,
            35.646438
          ],
          [
            139.188526,
            35.646481
          ],
          [
            139.188375,
            35.646524
          ],
          [
            139.188235,
            35.646597
          ],
          [
            139.188117,
            35.64661
          ],
          [
            139.187998,
            35.646602
          ],
          [
            139.187841,
            35.646551
          ],
          [
            139.18775,
            35.646514
          ],
          [
            139.187593,
            35.646451
          ],
          [
            139.187473,
            35.646386
          ],
          [
            139.187352,
            35.64632
          ],
          [
            139.187148,
            35.646231
          ],
          [
            139.186976,
            35.646237
          ],
          [
            139.186751,
            35.646244
          ],
          [
            139.186581,
            35.646203
          ],
          [
            139.186411,
            35.646161
          ],
          [
            139.186258,
            35.646095
          ],
          [
            139.186105,
            35.646028
          ],
          [
            139.18593,
            35.645964
          ],
          [
            139.185756,
            35.6459
          ],
          [
            139.185626,
            35.645857
          ],
          [
            139.185496,
            35.645815
          ],
          [
            139.185362,
            35.64573
          ],
          [
            139.185228,
            35.645645
          ],
          [
            139.185031,
            35.645555
          ],
          [
            139.184833,
            35.645466
          ],
          [
            139.184732,
            35.64536
          ],
          [
            139.184631,
            35.645254
          ],
          [
            139.18448,
            35.64517
          ],
          [
            139.184329,
            35.645086
          ],
          [
            139.184156,
            35.644984
          ],
          [
            139.184009,
            35.645045
          ],
          [
            139.183842,
            35.645131
          ],
          [
            139.183611,
            35.645234
          ],
          [
            139.18338,
            35.645336
          ],
          [
            139.183197,
            35.645382
          ],
          [
            139.183015,
            35.645429
          ],
          [
            139.182851,
            35.645441
          ],
          [
            139.182688,
            35.645453
          ],
          [
            139.182516,
            35.645454
          ],
          [
            139.182344,
            35.645455
          ],
          [
            139.182131,
            35.645547
          ],
          [
            139.181974,
            35.64561
          ],
          [
            139.181816,
            35.645674
          ],
          [
            139.181638,
            35.645733
          ],
          [
            139.181459,
            35.645793
          ],
          [
            139.181275,
            35.645775
          ],
          [
            139.181092,
            35.645758
          ],
          [
            139.18095,
            35.645735
          ],
          [
            139.180807,
            35.645711
          ],
          [
            139.180634,
            35.6457
          ],
          [
            139.18046,
            35.645689
          ],
          [
            139.180238,
            35.645679
          ],
          [
            139.180016,
            35.645669
          ],
          [
            139.179794,
            35.645659
          ],
          [
            139.179583,
            35.645639
          ],
          [
            139.179372,
            35.64562
          ],
          [
            139.179185,
            35.645584
          ],
          [
            139.179057,
            35.645559
          ],
          [
            139.178944,
            35.645607
          ],
          [
            139.178774,
            35.645737
          ],
          [
            139.178613,
            35.645918
          ],
          [
            139.178442,
            35.646081
          ],
          [
            139.178337,
            35.646173
          ],
          [
            139.178233,
            35.646266
          ],
          [
            139.178113,
            35.646369
          ],
          [
            139.177994,
            35.646473
          ],
          [
            139.1779,
            35.646551
          ],
          [
            139.177793,
            35.646631
          ],
          [
            139.177685,
            35.64671
          ],
          [
            139.177506,
            35.646769
          ],
          [
            139.17736,
            35.646792
          ],
          [
            139.177278,
            35.646905
          ],
          [
            139.177188,
            35.647096
          ],
          [
            139.177132,
            35.647232
          ],
          [
            139.177009,
            35.647378
          ],
          [
            139.176891,
            35.647565
          ],
          [
            139.176717,
            35.64768
          ],
          [
            139.176564,
            35.647805
          ],
          [
            139.176454,
            35.647907
          ],
          [
            139.176333,
            35.648001
          ],
          [
            139.176175,
            35.64811
          ],
          [
            139.176036,
            35.648151
          ],
          [
            139.175947,
            35.648175
          ],
          [
            139.175869,
            35.648249
          ],
          [
            139.175831,
            35.648364
          ],
          [
            139.175831,
            35.648465
          ],
          [
            139.175803,
            35.648657
          ],
          [
            139.175796,
            35.648768
          ],
          [
            139.175768,
            35.648876
          ],
          [
            139.175748,
            35.649011
          ],
          [
            139.175751,
            35.649082
          ],
          [
            139.175725,
            35.649221
          ],
          [
            139.175659,
            35.64934
          ],
          [
            139.175486,
            35.649461
          ],
          [
            139.175391,
            35.649559
          ],
          [
            139.175312,
            35.649658
          ],
          [
            139.175234,
            35.649757
          ],
          [
            139.175089,
            35.649841
          ],
          [
            139.174944,
            35.649925
          ],
          [
            139.174758,
            35.650023
          ],
          [
            139.17452,
            35.650045
          ],
          [
            139.174247,
            35.650052
          ],
          [
            139.174089,
            35.650141
          ],
          [
            139.173899,
            35.650237
          ],
          [
            139.17371,
            35.650333
          ],
          [
            139.173489,
            35.650452
          ],
          [
            139.173236,
            35.650473
          ],
          [
            139.172981,
            35.650465
          ],
          [
            139.172836,
            35.650453
          ],
          [
            139.172691,
            35.650442
          ],
          [
            139.172462,
            35.650371
          ],
          [
            139.172232,
            35.650375
          ],
          [
            139.172086,
            35.650357
          ],
          [
            139.171966,
            35.650358
          ],
          [
            139.171852,
            35.650358
          ],
          [
            139.171688,
            35.650391
          ],
          [
            139.171491,
            35.650467
          ],
          [
            139.171324,
            35.650522
          ],
          [
            139.171199,
            35.650545
          ],
          [
            139.171079,
            35.650576
          ],
          [
            139.170928,
            35.650663
          ],
          [
            139.170778,
            35.650734
          ],
          [
            139.170628,
            35.650806
          ],
          [
            139.170449,
            35.650901
          ],
          [
            139.17027,
            35.650996
          ],
          [
            139.170071,
            35.651102
          ],
          [
            139.169987,
            35.651232
          ],
          [
            139.169903,
            35.651362
          ],
          [
            139.169771,
            35.651476
          ],
          [
            139.169586,
            35.651533
          ],
          [
            139.169407,
            35.651485
          ],
          [
            139.169271,
            35.651422
          ],
          [
            139.169136,
            35.651359
          ],
          [
            139.168971,
            35.651256
          ],
          [
            139.168786,
            35.651273
          ],
          [
            139.168596,
            35.651294
          ],
          [
            139.168406,
            35.651315
          ],
          [
            139.168229,
            35.651295
          ],
          [
            139.16809,
            35.651233
          ],
          [
            139.16795,
            35.65117
          ],
          [
            139.167811,
            35.651142
          ],
          [
            139.167673,
            35.651114
          ],
          [
            139.167465,
            35.651039
          ],
          [
            139.167311,
            35.650981
          ],
          [
            139.167177,
            35.651007
          ],
          [
            139.167016,
            35.651042
          ],
          [
            139.166909,
            35.651094
          ],
          [
            139.166777,
            35.651179
          ],
          [
            139.166645,
            35.651264
          ],
          [
            139.166624,
            35.651317
          ],
          [
            139.166651,
            35.651353
          ],
          [
            139.166583,
            35.651569
          ],
          [
            139.166547,
            35.651712
          ],
          [
            139.166514,
            35.651839
          ],
          [
            139.166526,
            35.652036
          ],
          [
            139.166567,
            35.652078
          ],
          [
            139.166577,
            35.652268
          ],
          [
            139.166596,
            35.652384
          ],
          [
            139.166713,
            35.652585
          ],
          [
            139.166733,
            35.652665
          ],
          [
            139.166787,
            35.652833
          ],
          [
            139.16684,
            35.653001
          ],
          [
            139.166864,
            35.653189
          ],
          [
            139.166961,
            35.653264
          ],
          [
            139.16715,
            35.653386
          ],
          [
            139.167358,
            35.653474
          ],
          [
            139.16756,
            35.653517
          ],
          [
            139.167702,
            35.653707
          ],
          [
            139.167699,
            35.653809
          ],
          [
            139.167751,
            35.653888
          ],
          [
            139.167769,
            35.654106
          ],
          [
            139.1678,
            35.654229
          ],
          [
            139.167831,
            35.654352
          ],
          [
            139.167922,
            35.654515
          ],
          [
            139.167973,
            35.65467
          ],
          [
            139.16793,
            35.654836
          ],
          [
            139.167895,
            35.654984
          ],
          [
            139.167866,
            35.655174
          ],
          [
            139.167837,
            35.655365
          ],
          [
            139.167845,
            35.655557
          ],
          [
            139.167879,
            35.655625
          ],
          [
            139.167944,
            35.655677
          ],
          [
            139.167955,
            35.655687
          ],
          [
            139.168093,
            35.655765
          ],
          [
            139.16823,
            35.655843
          ],
          [
            139.16834,
            35.655952
          ],
          [
            139.168396,
            35.656132
          ],
          [
            139.168452,
            35.656312
          ],
          [
            139.168562,
            35.656447
          ],
          [
            139.168672,
            35.656583
          ],
          [
            139.16874,
            35.656701
          ],
          [
            139.168769,
            35.656819
          ],
          [
            139.168766,
            35.656931
          ],
          [
            139.168762,
            35.657044
          ],
          [
            139.16872,
            35.657231
          ],
          [
            139.168683,
            35.657341
          ],
          [
            139.168645,
            35.657452
          ],
          [
            139.16864,
            35.657592
          ],
          [
            139.168638,
            35.657639
          ]
        ]
      },
      "properties": {
        "route_id": "route_jinba",
        "source": "OpenStreetMap contributors (ODbL)",
        "difficulty": "advanced",
        "name": "陣馬山縦走",
        "color": "#E8002D",
        "osm_relation_id": 2674586
      },
      "type": "Feature"
    },
    {
      "type": "Feature",
      "properties": {
        "route_id": "route_1",
        "name": "1号路",
        "color": "#0AFFE0",
        "osm_id": 1216428
      },
      "geometry": {
        "type": "MultiLineString",
        "coordinates": [
          [
            [
              139.2604432,
              35.635363
            ],
            [
              139.2603858,
              35.635315
            ],
            [
              139.2602804,
              35.6352226
            ],
            [
              139.2602019,
              35.6351731
            ],
            [
              139.2601224,
              35.6351318
            ],
            [
              139.2600918,
              35.6351176
            ],
            [
              139.2600798,
              35.6351023
            ],
            [
              139.2600962,
              35.6350928
            ],
            [
              139.260118,
              35.6350943
            ],
            [
              139.260172,
              35.6351024
            ],
            [
              139.260242,
              35.6351149
            ],
            [
              139.2602905,
              35.6351193
            ],
            [
              139.2603764,
              35.635115
            ],
            [
              139.2607023,
              35.6351103
            ],
            [
              139.2608528,
              35.6350913
            ],
            [
              139.261042,
              35.635057
            ],
            [
              139.2611566,
              35.6350352
            ],
            [
              139.2612062,
              35.6350129
            ],
            [
              139.2612469,
              35.634971
            ],
            [
              139.2612404,
              35.634962
            ],
            [
              139.2612343,
              35.6349539
            ],
            [
              139.2612231,
              35.6349443
            ],
            [
              139.2611402,
              35.6349285
            ],
            [
              139.2610925,
              35.6349165
            ],
            [
              139.2610036,
              35.6348857
            ],
            [
              139.2608334,
              35.6348305
            ],
            [
              139.260631,
              35.6347955
            ],
            [
              139.2604779,
              35.6347302
            ],
            [
              139.2603667,
              35.6346829
            ],
            [
              139.2602977,
              35.6346226
            ],
            [
              139.2602216,
              35.6345697
            ],
            [
              139.2601631,
              35.6345231
            ],
            [
              139.2600824,
              35.6344669
            ],
            [
              139.2600525,
              35.6344196
            ],
            [
              139.2600303,
              35.6343887
            ],
            [
              139.2600399,
              35.6343626
            ],
            [
              139.2600739,
              35.6343657
            ],
            [
              139.2601945,
              35.6344538
            ],
            [
              139.2602981,
              35.634492
            ],
            [
              139.2604099,
              35.6345037
            ],
            [
              139.2605472,
              35.6344949
            ],
            [
              139.2606253,
              35.6344878
            ],
            [
              139.2607222,
              35.6344468
            ],
            [
              139.2608031,
              35.6344115
            ],
            [
              139.2609496,
              35.6343393
            ],
            [
              139.2610851,
              35.6342837
            ],
            [
              139.2612157,
              35.6342603
            ],
            [
              139.2614773,
              35.6341187
            ],
            [
              139.2617419,
              35.6339048
            ],
            [
              139.2619674,
              35.6337727
            ],
            [
              139.2621183,
              35.6337187
            ],
            [
              139.2622575,
              35.6336449
            ],
            [
              139.2623662,
              35.6335913
            ],
            [
              139.2625236,
              35.6335271
            ],
            [
              139.2627411,
              35.6334372
            ],
            [
              139.2629405,
              35.6333584
            ],
            [
              139.2632075,
              35.6332923
            ],
            [
              139.2633292,
              35.6333106
            ],
            [
              139.2635168,
              35.6332626
            ],
            [
              139.2635689,
              35.6332412
            ],
            [
              139.2638088,
              35.6331396
            ],
            [
              139.2639893,
              35.6330611
            ],
            [
              139.2642751,
              35.6330037
            ],
            [
              139.2646202,
              35.6328688
            ],
            [
              139.2648678,
              35.6327733
            ],
            [
              139.2649728,
              35.6327493
            ],
            [
              139.265185,
              35.6326452
            ],
            [
              139.2654246,
              35.6325591
            ],
            [
              139.2656381,
              35.6324631
            ],
            [
              139.2658756,
              35.6322804
            ],
            [
              139.2660984,
              35.6321516
            ],
            [
              139.2663287,
              35.6320225
            ],
            [
              139.2667924,
              35.6318501
            ]
          ],
          [
            [
              139.2604432,
              35.635363
            ],
            [
              139.2604967,
              35.6354036
            ],
            [
              139.2605208,
              35.6354244
            ],
            [
              139.2605247,
              35.635444
            ],
            [
              139.2605043,
              35.6354564
            ],
            [
              139.2604784,
              35.635448
            ],
            [
              139.2603608,
              35.6354144
            ],
            [
              139.2602244,
              35.6353786
            ],
            [
              139.2601034,
              35.6353522
            ],
            [
              139.2599418,
              35.6353046
            ],
            [
              139.2597751,
              35.6352618
            ],
            [
              139.2596287,
              35.6352262
            ],
            [
              139.2594837,
              35.6351732
            ],
            [
              139.259276,
              35.6350857
            ],
            [
              139.2591991,
              35.6350528
            ],
            [
              139.2590979,
              35.6349906
            ],
            [
              139.2589566,
              35.6349361
            ],
            [
              139.2588126,
              35.6348642
            ],
            [
              139.2586553,
              35.6347836
            ],
            [
              139.2585126,
              35.6347215
            ],
            [
              139.2584213,
              35.6346812
            ],
            [
              139.2581249,
              35.6346199
            ],
            [
              139.2580378,
              35.6346021
            ],
            [
              139.2578361,
              35.6345535
            ],
            [
              139.2575687,
              35.6344694
            ],
            [
              139.2575029,
              35.6344434
            ],
            [
              139.2574445,
              35.6344218
            ],
            [
              139.2574157,
              35.6344012
            ],
            [
              139.2573159,
              35.6343418
            ],
            [
              139.2572571,
              35.634301
            ],
            [
              139.2571929,
              35.6342472
            ],
            [
              139.257078,
              35.6341461
            ],
            [
              139.2570541,
              35.6341185
            ],
            [
              139.2570223,
              35.63408
            ],
            [
              139.2569919,
              35.6339999
            ],
            [
              139.2570029,
              35.6339184
            ],
            [
              139.2570486,
              35.6338383
            ],
            [
              139.2570916,
              35.6337507
            ],
            [
              139.2572478,
              35.6334675
            ],
            [
              139.2573084,
              35.6333425
            ],
            [
              139.2573052,
              35.6332337
            ],
            [
              139.2572795,
              35.6331511
            ],
            [
              139.2572806,
              35.6330392
            ],
            [
              139.2572844,
              35.6329184
            ],
            [
              139.2572933,
              35.6327585
            ],
            [
              139.2573179,
              35.6326025
            ],
            [
              139.2573477,
              35.6325394
            ],
            [
              139.257401,
              35.632488
            ],
            [
              139.2574425,
              35.6324027
            ],
            [
              139.2574509,
              35.6323236
            ],
            [
              139.2574533,
              35.632243
            ],
            [
              139.2574245,
              35.6322115
            ],
            [
              139.2573879,
              35.6321749
            ],
            [
              139.2573514,
              35.6321505
            ],
            [
              139.2573163,
              35.6321217
            ],
            [
              139.2572155,
              35.6320433
            ],
            [
              139.2571597,
              35.6320096
            ],
            [
              139.257046,
              35.6319524
            ],
            [
              139.2568765,
              35.6318373
            ],
            [
              139.2568067,
              35.631797
            ],
            [
              139.2567417,
              35.6317577
            ],
            [
              139.2566848,
              35.6317077
            ],
            [
              139.2566127,
              35.6316281
            ],
            [
              139.2565368,
              35.6315113
            ],
            [
              139.2565279,
              35.6314193
            ],
            [
              139.2565198,
              35.6312207
            ],
            [
              139.2565014,
              35.6311725
            ],
            [
              139.2564325,
              35.6308977
            ],
            [
              139.2563763,
              35.6306867
            ],
            [
              139.2563006,
              35.6305476
            ],
            [
              139.2561936,
              35.630458
            ],
            [
              139.2559599,
              35.6303923
            ],
            [
              139.2556351,
              35.6303602
            ],
            [
              139.2553504,
              35.6302811
            ],
            [
              139.2550857,
              35.6301966
            ],
            [
              139.2549856,
              35.6301925
            ],
            [
              139.2548312,
              35.6301906
            ],
            [
              139.2546569,
              35.6302087
            ],
            [
              139.2544933,
              35.6302447
            ],
            [
              139.254369,
              35.63021
            ],
            [
              139.2543094,
              35.6300579
            ],
            [
              139.2541898,
              35.6299954
            ],
            [
              139.2540554,
              35.6299839
            ],
            [
              139.2537054,
              35.6299802
            ],
            [
              139.2534655,
              35.6299628
            ],
            [
              139.2532859,
              35.6299403
            ],
            [
              139.25323,
              35.6299253
            ],
            [
              139.2532131,
              35.6299115
            ],
            [
              139.2531698,
              35.6298866
            ]
          ],
          [
            [
              139.2531698,
              35.6298866
            ],
            [
              139.2531334,
              35.6298652
            ],
            [
              139.2530366,
              35.6297913
            ],
            [
              139.2528091,
              35.6296331
            ],
            [
              139.2525658,
              35.6294734
            ],
            [
              139.2521711,
              35.6292179
            ],
            [
              139.2519079,
              35.6290611
            ]
          ],
          [
            [
              139.2519079,
              35.6290611
            ],
            [
              139.2515829,
              35.6288973
            ],
            [
              139.2515213,
              35.6288493
            ],
            [
              139.2514326,
              35.6288296
            ],
            [
              139.2511277,
              35.628867
            ],
            [
              139.2510023,
              35.6288484
            ],
            [
              139.2508529,
              35.6286732
            ],
            [
              139.250682,
              35.6281474
            ],
            [
              139.2505979,
              35.6280484
            ],
            [
              139.250377,
              35.6279596
            ],
            [
              139.2503011,
              35.6278181
            ],
            [
              139.2502847,
              35.6276017
            ]
          ],
          [
            [
              139.2519079,
              35.6290611
            ],
            [
              139.2518627,
              35.6288817
            ]
          ],
          [
            [
              139.2518627,
              35.6288817
            ],
            [
              139.2517575,
              35.6284591
            ]
          ],
          [
            [
              139.2517575,
              35.6284591
            ],
            [
              139.2517203,
              35.6283387
            ],
            [
              139.2516241,
              35.6281962
            ],
            [
              139.2512651,
              35.6278059
            ],
            [
              139.2508401,
              35.6276064
            ],
            [
              139.2504968,
              35.6275747
            ],
            [
              139.2502847,
              35.6276017
            ]
          ],
          [
            [
              139.2500023,
              35.6257453
            ],
            [
              139.2499404,
              35.6259117
            ]
          ],
          [
            [
              139.2499404,
              35.6259117
            ],
            [
              139.2499321,
              35.625931
            ]
          ],
          [
            [
              139.2499321,
              35.625931
            ],
            [
              139.2498701,
              35.6260875
            ]
          ],
          [
            [
              139.2496775,
              35.6261707
            ],
            [
              139.2497097,
              35.6261056
            ],
            [
              139.2497312,
              35.626096
            ],
            [
              139.2498701,
              35.6260875
            ],
            [
              139.2499756,
              35.6261424
            ],
            [
              139.2498164,
              35.6264558
            ],
            [
              139.2498096,
              35.6265391
            ]
          ],
          [
            [
              139.2498096,
              35.6265391
            ],
            [
              139.2496233,
              35.6264577
            ],
            [
              139.2496334,
              35.626443
            ],
            [
              139.2495433,
              35.6263904
            ]
          ],
          [
            [
              139.2495433,
              35.6263904
            ],
            [
              139.2495079,
              35.6263732
            ],
            [
              139.2493947,
              35.6263439
            ],
            [
              139.2493688,
              35.6264049
            ],
            [
              139.2491677,
              35.6263537
            ]
          ],
          [
            [
              139.2491677,
              35.6263537
            ],
            [
              139.249104,
              35.6263381
            ],
            [
              139.2490083,
              35.626307
            ]
          ],
          [
            [
              139.2490083,
              35.626307
            ],
            [
              139.2489858,
              35.6262769
            ],
            [
              139.2489669,
              35.6262047
            ],
            [
              139.2489187,
              35.626186
            ]
          ],
          [
            [
              139.2489187,
              35.626186
            ],
            [
              139.2488578,
              35.6261866
            ],
            [
              139.24861,
              35.6262189
            ]
          ],
          [
            [
              139.24861,
              35.6262189
            ],
            [
              139.2484296,
              35.6261947
            ],
            [
              139.2482797,
              35.6261163
            ],
            [
              139.2478157,
              35.6259137
            ],
            [
              139.2477135,
              35.6259182
            ],
            [
              139.2474963,
              35.6259278
            ],
            [
              139.2471857,
              35.6260042
            ],
            [
              139.2470208,
              35.6261553
            ],
            [
              139.246913,
              35.6261808
            ],
            [
              139.2464786,
              35.6263582
            ],
            [
              139.2462628,
              35.6264118
            ],
            [
              139.246081,
              35.6262362
            ],
            [
              139.2458894,
              35.6261918
            ],
            [
              139.2456347,
              35.6259124
            ],
            [
              139.2454949,
              35.6258472
            ],
            [
              139.2453111,
              35.625773
            ],
            [
              139.2451693,
              35.6257967
            ],
            [
              139.2449901,
              35.6258027
            ],
            [
              139.2449294,
              35.6257823
            ],
            [
              139.2446925,
              35.6257652
            ],
            [
              139.2444383,
              35.625654
            ],
            [
              139.2443605,
              35.6256119
            ],
            [
              139.2443188,
              35.6255599
            ],
            [
              139.2441066,
              35.6254091
            ],
            [
              139.2440709,
              35.6253677
            ],
            [
              139.2437929,
              35.6251779
            ],
            [
              139.243724,
              35.6251723
            ],
            [
              139.243664,
              35.6250554
            ],
            [
              139.2434813,
              35.6249438
            ],
            [
              139.2434708,
              35.624933
            ],
            [
              139.2433618,
              35.6248214
            ],
            [
              139.2432935,
              35.6247357
            ],
            [
              139.2432836,
              35.6247233
            ],
            [
              139.2431983,
              35.6246545
            ]
          ],
          [
            [
              139.2667924,
              35.6318501
            ],
            [
              139.2670761,
              35.6317751
            ],
            [
              139.2671801,
              35.6317441
            ],
            [
              139.2672949,
              35.6316712
            ],
            [
              139.2673621,
              35.6316454
            ],
            [
              139.2674965,
              35.6315722
            ],
            [
              139.2677027,
              35.6314225
            ],
            [
              139.2677816,
              35.6313653
            ],
            [
              139.2678625,
              35.6313196
            ]
          ],
          [
            [
              139.2502685,
              35.6257739
            ],
            [
              139.2500453,
              35.62575
            ],
            [
              139.2500422,
              35.6257592
            ]
          ],
          [
            [
              139.2500422,
              35.6257592
            ],
            [
              139.2500023,
              35.6257453
            ]
          ],
          [
            [
              139.2502974,
              35.6255845
            ],
            [
              139.2502889,
              35.6256762
            ]
          ],
          [
            [
              139.250688,
              35.6256867
            ],
            [
              139.2505502,
              35.6256268
            ],
            [
              139.2502974,
              35.6255845
            ]
          ],
          [
            [
              139.2509189,
              35.6261495
            ],
            [
              139.2510192,
              35.6260926
            ],
            [
              139.2509896,
              35.625966
            ],
            [
              139.2508864,
              35.6257833
            ],
            [
              139.2507953,
              35.6257059
            ],
            [
              139.250688,
              35.6256867
            ]
          ],
          [
            [
              139.2502847,
              35.6276017
            ],
            [
              139.250218,
              35.6275327
            ],
            [
              139.2501508,
              35.6273814
            ],
            [
              139.2500561,
              35.6271973
            ],
            [
              139.250101,
              35.626891
            ],
            [
              139.2501419,
              35.6265354
            ],
            [
              139.2503881,
              35.6263072
            ],
            [
              139.2505115,
              35.626261
            ],
            [
              139.2507086,
              35.626244
            ],
            [
              139.2509189,
              35.6261495
            ]
          ]
        ]
      }
    },
    {
      "type": "Feature",
      "properties": {
        "route_id": "route_5",
        "name": "5号路",
        "color": "#F472B6",
        "osm_id": 7165820
      },
      "geometry": {
        "type": "MultiLineString",
        "coordinates": [
          [
            [
              139.2436381,
              35.6235651
            ],
            [
              139.2435862,
              35.6236217
            ],
            [
              139.2434918,
              35.6237725
            ],
            [
              139.2434691,
              35.6238026
            ],
            [
              139.2434317,
              35.6238519
            ],
            [
              139.2433549,
              35.6238987
            ],
            [
              139.243238,
              35.6239113
            ],
            [
              139.2431633,
              35.6238935
            ],
            [
              139.2431265,
              35.6238848
            ],
            [
              139.2430664,
              35.6239077
            ],
            [
              139.2429723,
              35.6239268
            ],
            [
              139.2428219,
              35.6239076
            ],
            [
              139.2427712,
              35.6239268
            ],
            [
              139.2427242,
              35.6240399
            ],
            [
              139.2426983,
              35.6241257
            ],
            [
              139.2426698,
              35.6241797
            ],
            [
              139.2425878,
              35.6242275
            ],
            [
              139.2424896,
              35.6242558
            ],
            [
              139.2423437,
              35.6243273
            ],
            [
              139.2422359,
              35.6243923
            ],
            [
              139.2421173,
              35.6244451
            ],
            [
              139.2419526,
              35.6245273
            ],
            [
              139.2417763,
              35.6246229
            ],
            [
              139.2416934,
              35.6246792
            ],
            [
              139.2417605,
              35.6247068
            ],
            [
              139.241936,
              35.6248197
            ],
            [
              139.242054,
              35.6249334
            ],
            [
              139.2421715,
              35.6250291
            ],
            [
              139.2422771,
              35.6251636
            ],
            [
              139.2423577,
              35.6252603
            ],
            [
              139.2424467,
              35.625284
            ],
            [
              139.2426337,
              35.6253045
            ],
            [
              139.2427584,
              35.6253844
            ],
            [
              139.2428461,
              35.6254437
            ],
            [
              139.242943,
              35.6254725
            ],
            [
              139.2430589,
              35.6255105
            ],
            [
              139.2432316,
              35.625574
            ],
            [
              139.2433226,
              35.6256701
            ],
            [
              139.2433639,
              35.6258008
            ],
            [
              139.2434166,
              35.6258863
            ],
            [
              139.2435101,
              35.6258997
            ],
            [
              139.2436127,
              35.6258917
            ],
            [
              139.2436768,
              35.6258501
            ],
            [
              139.2437401,
              35.6257874
            ],
            [
              139.243814,
              35.6257227
            ],
            [
              139.2439029,
              35.6256454
            ],
            [
              139.243998,
              35.6255993
            ],
            [
              139.2442061,
              35.6256128
            ],
            [
              139.2443605,
              35.6256119
            ]
          ],
          [
            [
              139.2439426,
              35.6242171
            ],
            [
              139.243942,
              35.6241336
            ],
            [
              139.2439012,
              35.6239645
            ],
            [
              139.2438862,
              35.6238053
            ],
            [
              139.243867,
              35.6237278
            ],
            [
              139.2438014,
              35.6236477
            ],
            [
              139.2436845,
              35.6235696
            ],
            [
              139.2436381,
              35.6235651
            ]
          ],
          [
            [
              139.2439165,
              35.624395
            ],
            [
              139.2439433,
              35.6243071
            ],
            [
              139.2439426,
              35.6242171
            ]
          ],
          [
            [
              139.2445693,
              35.6242643
            ],
            [
              139.2445263,
              35.6242678
            ],
            [
              139.2444701,
              35.6242597
            ],
            [
              139.2443677,
              35.6242988
            ],
            [
              139.2442686,
              35.6243181
            ],
            [
              139.2441357,
              35.6243593
            ],
            [
              139.2440798,
              35.6243927
            ],
            [
              139.2440113,
              35.6244099
            ],
            [
              139.2439165,
              35.624395
            ]
          ],
          [
            [
              139.2444383,
              35.625654
            ],
            [
              139.2442434,
              35.6252755
            ],
            [
              139.2441747,
              35.6251822
            ],
            [
              139.2441406,
              35.6250976
            ],
            [
              139.2441472,
              35.6250357
            ],
            [
              139.244205,
              35.6249799
            ],
            [
              139.2444595,
              35.6248603
            ],
            [
              139.244514,
              35.6247646
            ],
            [
              139.2445149,
              35.6246739
            ],
            [
              139.2444995,
              35.6246138
            ],
            [
              139.2444754,
              35.6245086
            ],
            [
              139.2444871,
              35.6244034
            ],
            [
              139.2445374,
              35.6242843
            ],
            [
              139.2445693,
              35.6242643
            ]
          ]
        ]
      }
    },
    {
      "type": "Feature",
      "properties": {
        "route_id": "route_4",
        "name": "4号路",
        "color": "#A78BFA",
        "osm_id": 7165821
      },
      "geometry": {
        "type": "MultiLineString",
        "coordinates": [
          [
            [
              139.2528201,
              35.6301039
            ],
            [
              139.2526617,
              35.6301445
            ],
            [
              139.2525207,
              35.6301179
            ],
            [
              139.2523798,
              35.6301099
            ],
            [
              139.2519986,
              35.6301814
            ],
            [
              139.2517957,
              35.6301429
            ],
            [
              139.2516521,
              35.6300487
            ],
            [
              139.2515744,
              35.6298736
            ],
            [
              139.2515312,
              35.6297048
            ],
            [
              139.2514003,
              35.6294866
            ],
            [
              139.2513667,
              35.6293032
            ],
            [
              139.2513589,
              35.6292212
            ],
            [
              139.2512947,
              35.6292065
            ],
            [
              139.2510601,
              35.6292505
            ],
            [
              139.2508756,
              35.6293285
            ],
            [
              139.2507763,
              35.6293123
            ],
            [
              139.2506373,
              35.6291746
            ],
            [
              139.2504286,
              35.6290619
            ],
            [
              139.2501269,
              35.6285614
            ],
            [
              139.2499448,
              35.6284677
            ],
            [
              139.249699,
              35.6281984
            ],
            [
              139.2495647,
              35.628172
            ],
            [
              139.2494592,
              35.6281319
            ],
            [
              139.249346,
              35.6280981
            ],
            [
              139.2492181,
              35.628083
            ],
            [
              139.2491435,
              35.6280264
            ]
          ],
          [
            [
              139.2488047,
              35.6282411
            ],
            [
              139.2491435,
              35.6280264
            ]
          ],
          [
            [
              139.2488047,
              35.6282411
            ],
            [
              139.248843,
              35.6282787
            ],
            [
              139.2490087,
              35.6284105
            ],
            [
              139.2491077,
              35.6285026
            ],
            [
              139.2491364,
              35.6286269
            ],
            [
              139.2491191,
              35.6288227
            ],
            [
              139.2491017,
              35.6288743
            ],
            [
              139.2490205,
              35.6289006
            ]
          ],
          [
            [
              139.2490205,
              35.6289006
            ],
            [
              139.2488376,
              35.6289326
            ],
            [
              139.2486891,
              35.6289553
            ],
            [
              139.2485845,
              35.6289649
            ],
            [
              139.2484869,
              35.6289708
            ]
          ],
          [
            [
              139.2484869,
              35.6289708
            ],
            [
              139.2483783,
              35.629056
            ],
            [
              139.2483486,
              35.6291298
            ],
            [
              139.2483382,
              35.6292129
            ]
          ],
          [
            [
              139.2483382,
              35.6292129
            ],
            [
              139.2483244,
              35.6294519
            ]
          ],
          [
            [
              139.2483244,
              35.6294519
            ],
            [
              139.2482647,
              35.6295543
            ],
            [
              139.2480867,
              35.629607
            ]
          ],
          [
            [
              139.2480867,
              35.629607
            ],
            [
              139.2479724,
              35.629632
            ]
          ],
          [
            [
              139.2479724,
              35.629632
            ],
            [
              139.2478924,
              35.6297236
            ]
          ],
          [
            [
              139.2478924,
              35.6297236
            ],
            [
              139.2477258,
              35.6297859
            ]
          ],
          [
            [
              139.2477258,
              35.6297859
            ],
            [
              139.2476556,
              35.6298775
            ],
            [
              139.2476046,
              35.6298766
            ],
            [
              139.2475831,
              35.6298131
            ],
            [
              139.2476012,
              35.6297421
            ],
            [
              139.2476194,
              35.6296711
            ]
          ],
          [
            [
              139.2476194,
              35.6296711
            ],
            [
              139.2476399,
              35.6295229
            ]
          ],
          [
            [
              139.2476399,
              35.6295229
            ],
            [
              139.2476044,
              35.6293766
            ]
          ],
          [
            [
              139.2476044,
              35.6293766
            ],
            [
              139.2475699,
              35.6292799
            ],
            [
              139.2476142,
              35.6290707
            ]
          ],
          [
            [
              139.2476142,
              35.6290707
            ],
            [
              139.247611,
              35.629017
            ],
            [
              139.2475895,
              35.6288238
            ],
            [
              139.2475527,
              35.6287939
            ],
            [
              139.2474787,
              35.6286881
            ],
            [
              139.2473626,
              35.6284706
            ],
            [
              139.2472683,
              35.6283913
            ]
          ],
          [
            [
              139.2472683,
              35.6283913
            ],
            [
              139.2471087,
              35.6282571
            ]
          ],
          [
            [
              139.2471087,
              35.6282571
            ],
            [
              139.2470337,
              35.6281038
            ],
            [
              139.246854,
              35.6280228
            ]
          ],
          [
            [
              139.246854,
              35.6280228
            ],
            [
              139.2466963,
              35.6278274
            ]
          ],
          [
            [
              139.2466963,
              35.6278274
            ],
            [
              139.2466807,
              35.6276485
            ],
            [
              139.2466636,
              35.6274925
            ],
            [
              139.2466133,
              35.6272616
            ]
          ],
          [
            [
              139.2466133,
              35.6272616
            ],
            [
              139.2465208,
              35.6270775
            ],
            [
              139.2464176,
              35.6270182
            ]
          ],
          [
            [
              139.2464176,
              35.6270182
            ],
            [
              139.246257,
              35.6269474
            ],
            [
              139.2461195,
              35.6267744
            ]
          ],
          [
            [
              139.2461195,
              35.6267744
            ],
            [
              139.246041,
              35.6266322
            ],
            [
              139.2459475,
              35.6265314
            ],
            [
              139.2458118,
              35.6264491
            ]
          ],
          [
            [
              139.2458118,
              35.6264491
            ],
            [
              139.2455612,
              35.6262114
            ],
            [
              139.245352,
              35.6260778
            ],
            [
              139.2450307,
              35.6260727
            ]
          ],
          [
            [
              139.2450307,
              35.6260727
            ],
            [
              139.2449481,
              35.6260668
            ]
          ],
          [
            [
              139.2449481,
              35.6260668
            ],
            [
              139.2446819,
              35.6260477
            ],
            [
              139.2446132,
              35.6260278
            ],
            [
              139.2444189,
              35.6259346
            ],
            [
              139.2442424,
              35.625828
            ]
          ],
          [
            [
              139.2442424,
              35.625828
            ],
            [
              139.2441012,
              35.6256728
            ],
            [
              139.2443502,
              35.6256681
            ]
          ],
          [
            [
              139.2443502,
              35.6256681
            ],
            [
              139.2443605,
              35.6256119
            ]
          ]
        ]
      }
    },
    {
      "type": "Feature",
      "properties": {
        "route_id": "route_3",
        "name": "3号路",
        "color": "#FB923C",
        "osm_id": 7165822
      },
      "geometry": {
        "type": "MultiLineString",
        "coordinates": [
          [
            [
              139.2522817,
              35.6289488
            ],
            [
              139.2523681,
              35.6290302
            ],
            [
              139.2524402,
              35.6290959
            ],
            [
              139.2525931,
              35.6291859
            ],
            [
              139.2526955,
              35.6292565
            ],
            [
              139.2528013,
              35.6292821
            ],
            [
              139.2529141,
              35.6293067
            ],
            [
              139.2529554,
              35.6293633
            ],
            [
              139.2530116,
              35.6293848
            ]
          ],
          [
            [
              139.2522817,
              35.6289488
            ],
            [
              139.2522788,
              35.6288976
            ],
            [
              139.252369,
              35.628713
            ],
            [
              139.2524237,
              35.6285966
            ],
            [
              139.2524887,
              35.6283327
            ],
            [
              139.2525366,
              35.6282129
            ],
            [
              139.2525559,
              35.6280888
            ],
            [
              139.2524867,
              35.6280253
            ],
            [
              139.2524115,
              35.6279795
            ],
            [
              139.2523221,
              35.6279351
            ],
            [
              139.252256,
              35.6278581
            ],
            [
              139.2521691,
              35.627639
            ],
            [
              139.2521261,
              35.627546
            ],
            [
              139.2520657,
              35.6273494
            ],
            [
              139.2520318,
              35.6272843
            ],
            [
              139.2520049,
              35.6272199
            ],
            [
              139.2519354,
              35.6271388
            ],
            [
              139.2518556,
              35.6270599
            ],
            [
              139.2516968,
              35.6269968
            ],
            [
              139.2514322,
              35.626952
            ],
            [
              139.2513151,
              35.6269275
            ]
          ],
          [
            [
              139.2513151,
              35.6269275
            ],
            [
              139.2513577,
              35.6268582
            ]
          ],
          [
            [
              139.2513577,
              35.6268582
            ],
            [
              139.2514427,
              35.6268223
            ],
            [
              139.2515364,
              35.6267693
            ],
            [
              139.2516173,
              35.6266925
            ]
          ],
          [
            [
              139.2516173,
              35.6266925
            ],
            [
              139.2516948,
              35.6266561
            ]
          ],
          [
            [
              139.2516948,
              35.6266561
            ],
            [
              139.2517401,
              35.6266475
            ],
            [
              139.2518258,
              35.6266428
            ],
            [
              139.2521473,
              35.626606
            ],
            [
              139.2522003,
              35.6265756
            ],
            [
              139.2522209,
              35.6265203
            ],
            [
              139.2522004,
              35.6264259
            ],
            [
              139.2521584,
              35.6262501
            ],
            [
              139.2521326,
              35.6261075
            ],
            [
              139.2520448,
              35.6259546
            ],
            [
              139.2518643,
              35.6256627
            ],
            [
              139.2518603,
              35.6256607
            ],
            [
              139.2518187,
              35.6255853
            ],
            [
              139.2517817,
              35.6255105
            ],
            [
              139.2517243,
              35.6254207
            ],
            [
              139.2515386,
              35.625263
            ],
            [
              139.2514805,
              35.6251788
            ],
            [
              139.251506,
              35.6250261
            ],
            [
              139.2515502,
              35.6247367
            ],
            [
              139.2515336,
              35.6245953
            ],
            [
              139.2513653,
              35.6243616
            ],
            [
              139.2512711,
              35.6242392
            ],
            [
              139.2511499,
              35.6240678
            ],
            [
              139.2510338,
              35.624012
            ],
            [
              139.250956,
              35.6239816
            ],
            [
              139.2508338,
              35.6240072
            ],
            [
              139.2506786,
              35.6240745
            ],
            [
              139.2505728,
              35.6241523
            ],
            [
              139.2504584,
              35.6242445
            ],
            [
              139.2503185,
              35.6245289
            ],
            [
              139.2502252,
              35.6246553
            ],
            [
              139.2502065,
              35.6247562
            ],
            [
              139.2501956,
              35.6248275
            ],
            [
              139.2501685,
              35.6248765
            ]
          ],
          [
            [
              139.2501685,
              35.6248765
            ],
            [
              139.2500706,
              35.6248843
            ]
          ],
          [
            [
              139.2500706,
              35.6248843
            ],
            [
              139.2499127,
              35.6248115
            ],
            [
              139.2497629,
              35.6247397
            ],
            [
              139.2496689,
              35.6247292
            ],
            [
              139.2494626,
              35.624761
            ],
            [
              139.2493327,
              35.6248429
            ]
          ],
          [
            [
              139.2493327,
              35.6248429
            ],
            [
              139.2492652,
              35.624785
            ]
          ],
          [
            [
              139.2492652,
              35.624785
            ],
            [
              139.2493252,
              35.6246986
            ],
            [
              139.2493657,
              35.6246262
            ],
            [
              139.2493963,
              35.6245059
            ],
            [
              139.2494255,
              35.6243845
            ],
            [
              139.2494681,
              35.6242317
            ],
            [
              139.2495011,
              35.6241517
            ],
            [
              139.249502,
              35.6241016
            ],
            [
              139.2494147,
              35.6239383
            ],
            [
              139.2493895,
              35.6238685
            ],
            [
              139.2494167,
              35.623674
            ],
            [
              139.2494811,
              35.6235335
            ],
            [
              139.2495294,
              35.6234364
            ],
            [
              139.2495836,
              35.6232417
            ],
            [
              139.2495785,
              35.623138
            ],
            [
              139.2494788,
              35.6230866
            ],
            [
              139.2492316,
              35.6230815
            ],
            [
              139.2489419,
              35.6231487
            ],
            [
              139.2487376,
              35.6232547
            ],
            [
              139.24858,
              35.6233039
            ],
            [
              139.2484451,
              35.6233675
            ],
            [
              139.24828,
              35.6234672
            ],
            [
              139.2482025,
              35.623634
            ],
            [
              139.2481709,
              35.623752
            ],
            [
              139.248141,
              35.6238773
            ],
            [
              139.2481138,
              35.6240121
            ],
            [
              139.248067,
              35.6241157
            ],
            [
              139.2479438,
              35.6242713
            ],
            [
              139.247833,
              35.6243067
            ]
          ],
          [
            [
              139.247833,
              35.6243067
            ],
            [
              139.2476931,
              35.6242363
            ]
          ],
          [
            [
              139.2476931,
              35.6242363
            ],
            [
              139.2476411,
              35.62416
            ]
          ],
          [
            [
              139.2476411,
              35.62416
            ],
            [
              139.2476359,
              35.6241201
            ],
            [
              139.2476489,
              35.623955
            ],
            [
              139.2476238,
              35.6238536
            ],
            [
              139.2475971,
              35.6237502
            ],
            [
              139.2475514,
              35.6236265
            ],
            [
              139.2475155,
              35.623499
            ],
            [
              139.2475124,
              35.6233629
            ],
            [
              139.2475478,
              35.6232514
            ],
            [
              139.2475802,
              35.623148
            ],
            [
              139.2475938,
              35.6230459
            ],
            [
              139.2476283,
              35.6228596
            ],
            [
              139.2476179,
              35.6228378
            ],
            [
              139.2475888,
              35.6228339
            ]
          ],
          [
            [
              139.2475888,
              35.6228339
            ],
            [
              139.2475411,
              35.6228114
            ],
            [
              139.2474804,
              35.6227988
            ],
            [
              139.2474416,
              35.6227961
            ]
          ],
          [
            [
              139.2474416,
              35.6227961
            ],
            [
              139.2473903,
              35.6227925
            ],
            [
              139.2473611,
              35.6228135
            ],
            [
              139.2473723,
              35.6228719
            ]
          ],
          [
            [
              139.2473723,
              35.6228719
            ],
            [
              139.2473433,
              35.6229681
            ],
            [
              139.2473017,
              35.6229966
            ]
          ],
          [
            [
              139.2473017,
              35.6229966
            ],
            [
              139.2472428,
              35.6230105
            ],
            [
              139.2472243,
              35.6230305
            ]
          ],
          [
            [
              139.2472243,
              35.6230305
            ],
            [
              139.2472195,
              35.6231152
            ]
          ],
          [
            [
              139.2472195,
              35.6231152
            ],
            [
              139.2472151,
              35.6231466
            ],
            [
              139.2472169,
              35.6231774
            ],
            [
              139.2471838,
              35.6232024
            ],
            [
              139.2471394,
              35.6232104
            ],
            [
              139.2470758,
              35.6232225
            ],
            [
              139.247003,
              35.6232546
            ],
            [
              139.2469629,
              35.6233168
            ],
            [
              139.2469688,
              35.6233537
            ],
            [
              139.2470279,
              35.623391
            ],
            [
              139.247033,
              35.6234355
            ]
          ],
          [
            [
              139.247033,
              35.6234355
            ],
            [
              139.2470359,
              35.6234947
            ],
            [
              139.2470306,
              35.6235192
            ]
          ],
          [
            [
              139.2470306,
              35.6235192
            ],
            [
              139.2469481,
              35.6234909
            ],
            [
              139.2468571,
              35.6234966
            ],
            [
              139.2467888,
              35.6235388
            ],
            [
              139.2467689,
              35.6235736
            ]
          ],
          [
            [
              139.2467689,
              35.6235736
            ],
            [
              139.2467332,
              35.6236426
            ],
            [
              139.2467095,
              35.6236896
            ]
          ],
          [
            [
              139.2467095,
              35.6236896
            ],
            [
              139.2466749,
              35.6237548
            ]
          ],
          [
            [
              139.2466749,
              35.6237548
            ],
            [
              139.246726,
              35.6237504
            ],
            [
              139.2467643,
              35.6237515
            ]
          ],
          [
            [
              139.2467643,
              35.6237515
            ],
            [
              139.2467839,
              35.623782
            ],
            [
              139.2466891,
              35.6239326
            ]
          ],
          [
            [
              139.2466891,
              35.6239326
            ],
            [
              139.246633,
              35.6240216
            ]
          ],
          [
            [
              139.246633,
              35.6240216
            ],
            [
              139.2465736,
              35.624081
            ],
            [
              139.2465658,
              35.6240874
            ],
            [
              139.2465244,
              35.6241215
            ],
            [
              139.2465049,
              35.6242245
            ],
            [
              139.246468,
              35.6243223
            ],
            [
              139.2463886,
              35.6244642
            ],
            [
              139.2463201,
              35.6245866
            ]
          ],
          [
            [
              139.2463201,
              35.6245866
            ],
            [
              139.2461724,
              35.6246072
            ],
            [
              139.2460088,
              35.6246526
            ],
            [
              139.2459081,
              35.6246795
            ],
            [
              139.2457631,
              35.624723
            ],
            [
              139.2456527,
              35.6247664
            ],
            [
              139.2455058,
              35.6248266
            ],
            [
              139.245407,
              35.6248691
            ],
            [
              139.2453654,
              35.6249291
            ],
            [
              139.2453458,
              35.625004
            ],
            [
              139.2453328,
              35.6250771
            ],
            [
              139.2453345,
              35.6251217
            ],
            [
              139.2453008,
              35.6251488
            ],
            [
              139.2452633,
              35.6251538
            ],
            [
              139.2451963,
              35.6251529
            ],
            [
              139.2451045,
              35.6251579
            ],
            [
              139.2448723,
              35.625213
            ],
            [
              139.2447598,
              35.625243
            ],
            [
              139.244652,
              35.6252389
            ],
            [
              139.2445757,
              35.6251943
            ],
            [
              139.2445316,
              35.6251097
            ],
            [
              139.244538,
              35.6250705
            ],
            [
              139.2446352,
              35.6249965
            ],
            [
              139.2447045,
              35.6248854
            ],
            [
              139.244732,
              35.6247372
            ],
            [
              139.2446169,
              35.6245193
            ],
            [
              139.2445886,
              35.6244186
            ]
          ],
          [
            [
              139.2445886,
              35.6244186
            ],
            [
              139.2445944,
              35.6243466
            ],
            [
              139.2445877,
              35.6242798
            ],
            [
              139.2445693,
              35.6242643
            ]
          ]
        ]
      }
    },
    {
      "type": "Feature",
      "properties": {
        "route_id": "route_2",
        "name": "2号路",
        "color": "#4ADE80",
        "osm_id": 7165823
      },
      "geometry": {
        "type": "MultiLineString",
        "coordinates": [
          [
            [
              139.2553504,
              35.6302811
            ],
            [
              139.255369,
              35.6303996
            ]
          ],
          [
            [
              139.255369,
              35.6303996
            ],
            [
              139.2553994,
              35.6305372
            ],
            [
              139.2554897,
              35.6307484
            ],
            [
              139.2554754,
              35.6307702
            ]
          ],
          [
            [
              139.2554754,
              35.6307702
            ],
            [
              139.2554165,
              35.6307319
            ],
            [
              139.2552908,
              35.6306669
            ],
            [
              139.2552233,
              35.6306469
            ],
            [
              139.2550471,
              35.6305829
            ],
            [
              139.2548851,
              35.6305494
            ],
            [
              139.2545465,
              35.6306219
            ],
            [
              139.2543619,
              35.6305922
            ],
            [
              139.2541275,
              35.6305878
            ],
            [
              139.2540055,
              35.6305647
            ],
            [
              139.2537964,
              35.6304482
            ],
            [
              139.2537026,
              35.6304447
            ],
            [
              139.2533965,
              35.6304748
            ]
          ],
          [
            [
              139.2533965,
              35.6304748
            ],
            [
              139.253317,
              35.6304224
            ],
            [
              139.2531642,
              35.6301789
            ]
          ],
          [
            [
              139.2531642,
              35.6301789
            ],
            [
              139.2530101,
              35.6301648
            ]
          ],
          [
            [
              139.2530101,
              35.6301648
            ],
            [
              139.2528547,
              35.6301496
            ],
            [
              139.2528201,
              35.6301039
            ]
          ],
          [
            [
              139.2528201,
              35.6301039
            ],
            [
              139.2530452,
              35.6299939
            ],
            [
              139.2531539,
              35.6299478
            ],
            [
              139.2531682,
              35.6299231
            ],
            [
              139.2532131,
              35.6299115
            ]
          ],
          [
            [
              139.2531698,
              35.6298866
            ],
            [
              139.2531629,
              35.6298586
            ],
            [
              139.2531585,
              35.6298109
            ],
            [
              139.2531656,
              35.6297823
            ],
            [
              139.2531919,
              35.6297502
            ],
            [
              139.2531782,
              35.6297069
            ],
            [
              139.2531671,
              35.6296424
            ]
          ],
          [
            [
              139.2531671,
              35.6296424
            ],
            [
              139.2530764,
              35.6295408
            ],
            [
              139.2530116,
              35.6293848
            ]
          ],
          [
            [
              139.2530116,
              35.6293848
            ],
            [
              139.2530972,
              35.6293743
            ],
            [
              139.2532002,
              35.629336
            ]
          ],
          [
            [
              139.2532002,
              35.629336
            ],
            [
              139.2534292,
              35.6293304
            ],
            [
              139.2534902,
              35.6293931
            ],
            [
              139.2536117,
              35.6295198
            ],
            [
              139.2536669,
              35.6296258
            ],
            [
              139.2537682,
              35.6296672
            ],
            [
              139.2539379,
              35.6296827
            ],
            [
              139.2541722,
              35.6296839
            ],
            [
              139.254303,
              35.629619
            ],
            [
              139.2544035,
              35.6295429
            ],
            [
              139.2545324,
              35.6294263
            ],
            [
              139.2546663,
              35.6293047
            ],
            [
              139.2548327,
              35.6292541
            ],
            [
              139.2549814,
              35.6292245
            ],
            [
              139.2550991,
              35.6291938
            ],
            [
              139.2552742,
              35.6291862
            ],
            [
              139.2553789,
              35.6292367
            ],
            [
              139.2554432,
              35.6293089
            ],
            [
              139.255546,
              35.6294117
            ],
            [
              139.2556434,
              35.6295119
            ],
            [
              139.2556858,
              35.6295972
            ],
            [
              139.255718,
              35.6296738
            ],
            [
              139.2557111,
              35.6298303
            ],
            [
              139.2557156,
              35.6299252
            ],
            [
              139.2557551,
              35.6300063
            ],
            [
              139.2558513,
              35.6300504
            ],
            [
              139.255938,
              35.6301002
            ],
            [
              139.2560471,
              35.6301265
            ],
            [
              139.2561399,
              35.6301816
            ],
            [
              139.2563443,
              35.6302339
            ],
            [
              139.2563963,
              35.6302384
            ]
          ],
          [
            [
              139.2563963,
              35.6302384
            ],
            [
              139.2564101,
              35.6302957
            ],
            [
              139.256264,
              35.6303288
            ],
            [
              139.2559091,
              35.6302756
            ],
            [
              139.2557872,
              35.6303148
            ]
          ]
        ]
      }
    },
    {
      "type": "Feature",
      "properties": {
        "route_id": "route_6",
        "name": "6号路",
        "color": "#FACC15",
        "osm_id": 7165824
      },
      "geometry": {
        "type": "MultiLineString",
        "coordinates": [
          [
            [
              139.2622259,
              35.6306201
            ],
            [
              139.2623893,
              35.6306512
            ],
            [
              139.2625394,
              35.6306819
            ],
            [
              139.2630634,
              35.6307969
            ],
            [
              139.26354,
              35.6308143
            ],
            [
              139.2638898,
              35.6308173
            ],
            [
              139.2641921,
              35.6308092
            ],
            [
              139.2644098,
              35.6307975
            ],
            [
              139.2644481,
              35.6307908
            ]
          ],
          [
            [
              139.2644481,
              35.6307908
            ],
            [
              139.2645353,
              35.6307764
            ]
          ],
          [
            [
              139.2645353,
              35.6307764
            ],
            [
              139.2646239,
              35.6307603
            ],
            [
              139.2649702,
              35.6306417
            ],
            [
              139.2651542,
              35.6306448
            ],
            [
              139.2654585,
              35.6307111
            ],
            [
              139.2656581,
              35.6307413
            ],
            [
              139.2657401,
              35.6307651
            ],
            [
              139.2659165,
              35.6308313
            ],
            [
              139.2661106,
              35.6308717
            ],
            [
              139.2663453,
              35.6308911
            ],
            [
              139.2665586,
              35.6309209
            ],
            [
              139.2666275,
              35.630972
            ],
            [
              139.2667162,
              35.6310068
            ],
            [
              139.2669904,
              35.6310223
            ]
          ],
          [
            [
              139.2597666,
              35.6285498
            ],
            [
              139.260021,
              35.6284925
            ],
            [
              139.2601354,
              35.6284639
            ],
            [
              139.2603191,
              35.6284558
            ],
            [
              139.2604298,
              35.6284327
            ],
            [
              139.260474,
              35.6284145
            ],
            [
              139.2605443,
              35.6283737
            ],
            [
              139.260694,
              35.6283594
            ],
            [
              139.2608629,
              35.6283835
            ],
            [
              139.2610594,
              35.6284243
            ],
            [
              139.2612162,
              35.6284685
            ],
            [
              139.2613437,
              35.6285706
            ],
            [
              139.2613743,
              35.6286676
            ],
            [
              139.261353,
              35.6287486
            ],
            [
              139.261377,
              35.6288476
            ],
            [
              139.261371,
              35.6289165
            ],
            [
              139.2613762,
              35.6289956
            ],
            [
              139.2613629,
              35.6290691
            ],
            [
              139.2613814,
              35.629126
            ],
            [
              139.26137,
              35.629198
            ],
            [
              139.2612931,
              35.6293121
            ],
            [
              139.2612203,
              35.629343
            ],
            [
              139.261158,
              35.6293874
            ],
            [
              139.2611426,
              35.6294892
            ],
            [
              139.2611243,
              35.6295609
            ],
            [
              139.2610736,
              35.6297692
            ],
            [
              139.2610265,
              35.6298908
            ],
            [
              139.2610275,
              35.6299373
            ],
            [
              139.2610008,
              35.6300545
            ],
            [
              139.2610292,
              35.630133
            ],
            [
              139.261063,
              35.6301656
            ],
            [
              139.2612851,
              35.6301994
            ],
            [
              139.2615779,
              35.6302776
            ],
            [
              139.2617086,
              35.6302945
            ],
            [
              139.2618494,
              35.6303081
            ],
            [
              139.2619448,
              35.6303331
            ],
            [
              139.262001,
              35.6303548
            ],
            [
              139.2621392,
              35.6304296
            ],
            [
              139.2622033,
              35.6304847
            ],
            [
              139.262246,
              35.6305213
            ],
            [
              139.2623053,
              35.6305819
            ],
            [
              139.2623498,
              35.6306243
            ],
            [
              139.2623893,
              35.6306512
            ]
          ],
          [
            [
              139.2596648,
              35.6285937
            ],
            [
              139.2597666,
              35.6285498
            ]
          ],
          [
            [
              139.2593166,
              35.6288533
            ],
            [
              139.2593782,
              35.6288255
            ],
            [
              139.2594341,
              35.6287315
            ],
            [
              139.2594885,
              35.6286774
            ],
            [
              139.2596648,
              35.6285937
            ]
          ],
          [
            [
              139.2576681,
              35.6282229
            ],
            [
              139.257817,
              35.6283229
            ],
            [
              139.2580388,
              35.628413
            ],
            [
              139.2581292,
              35.6284319
            ],
            [
              139.2582006,
              35.6285197
            ],
            [
              139.2582145,
              35.6286058
            ],
            [
              139.2582758,
              35.6286527
            ],
            [
              139.2583838,
              35.6286821
            ],
            [
              139.2585479,
              35.6286244
            ],
            [
              139.2586336,
              35.6286079
            ],
            [
              139.2587173,
              35.6286406
            ],
            [
              139.258807,
              35.6286753
            ],
            [
              139.2588509,
              35.6287254
            ],
            [
              139.2589144,
              35.6287554
            ],
            [
              139.259045,
              35.6288144
            ],
            [
              139.2591142,
              35.6288388
            ],
            [
              139.2591544,
              35.6288527
            ],
            [
              139.2592441,
              35.6288612
            ],
            [
              139.2592741,
              35.6288524
            ],
            [
              139.2593166,
              35.6288533
            ]
          ],
          [
            [
              139.2575917,
              35.628213
            ],
            [
              139.2576681,
              35.6282229
            ]
          ],
          [
            [
              139.2569662,
              35.6273727
            ],
            [
              139.256951,
              35.6276189
            ],
            [
              139.2569022,
              35.6278278
            ],
            [
              139.2568152,
              35.6278993
            ],
            [
              139.2568093,
              35.6279312
            ],
            [
              139.2568763,
              35.6280063
            ],
            [
              139.2571768,
              35.6282374
            ],
            [
              139.2572802,
              35.6282819
            ],
            [
              139.2573906,
              35.6282802
            ],
            [
              139.2575917,
              35.628213
            ]
          ],
          [
            [
              139.2569408,
              35.6273021
            ],
            [
              139.2569662,
              35.6273727
            ]
          ],
          [
            [
              139.2510519,
              35.6228032
            ],
            [
              139.2511036,
              35.6228735
            ],
            [
              139.2512711,
              35.6230079
            ],
            [
              139.2513508,
              35.6230666
            ],
            [
              139.2514687,
              35.6230992
            ],
            [
              139.2515348,
              35.6231508
            ],
            [
              139.2516176,
              35.6231947
            ],
            [
              139.2517319,
              35.6232479
            ],
            [
              139.2518574,
              35.6233016
            ],
            [
              139.2519767,
              35.6233892
            ],
            [
              139.2520832,
              35.6234703
            ],
            [
              139.2521857,
              35.6235526
            ],
            [
              139.2522146,
              35.6236342
            ],
            [
              139.2522401,
              35.6237229
            ],
            [
              139.2522858,
              35.6238013
            ],
            [
              139.2523268,
              35.6238839
            ],
            [
              139.2524026,
              35.6240286
            ],
            [
              139.2525093,
              35.6241609
            ],
            [
              139.2525785,
              35.6242002
            ],
            [
              139.2527018,
              35.6242984
            ],
            [
              139.2527313,
              35.6244117
            ],
            [
              139.2527143,
              35.6245108
            ],
            [
              139.2527173,
              35.624586
            ],
            [
              139.2527548,
              35.6247035
            ],
            [
              139.2528252,
              35.6248371
            ],
            [
              139.2529154,
              35.6248925
            ],
            [
              139.2530111,
              35.6250124
            ],
            [
              139.2531593,
              35.6252155
            ],
            [
              139.2532434,
              35.6253197
            ],
            [
              139.2533981,
              35.6254089
            ],
            [
              139.2535058,
              35.6254641
            ],
            [
              139.2536061,
              35.6255077
            ],
            [
              139.253817,
              35.6255627
            ],
            [
              139.2540056,
              35.6256563
            ],
            [
              139.2540883,
              35.6257027
            ],
            [
              139.2542173,
              35.6258993
            ],
            [
              139.2543643,
              35.6260755
            ],
            [
              139.2545178,
              35.6262091
            ],
            [
              139.254666,
              35.626287
            ],
            [
              139.2548735,
              35.6263492
            ],
            [
              139.2549738,
              35.6264371
            ],
            [
              139.2550669,
              35.6264985
            ],
            [
              139.2551949,
              35.6266664
            ],
            [
              139.2552955,
              35.626717
            ],
            [
              139.2553973,
              35.6267566
            ],
            [
              139.2555049,
              35.6267782
            ],
            [
              139.2556462,
              35.6267417
            ],
            [
              139.2558139,
              35.6266694
            ],
            [
              139.2560856,
              35.6266109
            ],
            [
              139.2561801,
              35.6266517
            ],
            [
              139.2563502,
              35.6266843
            ],
            [
              139.2564955,
              35.626817
            ],
            [
              139.2565808,
              35.6269086
            ],
            [
              139.2567094,
              35.6270608
            ],
            [
              139.2568624,
              35.6271846
            ],
            [
              139.2569408,
              35.6273021
            ]
          ],
          [
            [
              139.2509836,
              35.6227967
            ],
            [
              139.2510519,
              35.6228032
            ]
          ],
          [
            [
              139.2509569,
              35.6227447
            ],
            [
              139.2509836,
              35.6227967
            ]
          ],
          [
            [
              139.2509452,
              35.6227294
            ],
            [
              139.2509569,
              35.6227447
            ]
          ],
          [
            [
              139.248392,
              35.6229418
            ],
            [
              139.2484916,
              35.6228716
            ],
            [
              139.2485922,
              35.6228158
            ],
            [
              139.2486448,
              35.6227537
            ],
            [
              139.2487044,
              35.6226795
            ],
            [
              139.2487779,
              35.6226055
            ],
            [
              139.2488746,
              35.6225739
            ],
            [
              139.249077,
              35.6225605
            ],
            [
              139.2493468,
              35.6225457
            ],
            [
              139.2494394,
              35.6224552
            ],
            [
              139.2495191,
              35.6223977
            ],
            [
              139.2496845,
              35.6222986
            ],
            [
              139.2497176,
              35.6222969
            ],
            [
              139.249784,
              35.6222933
            ],
            [
              139.2498897,
              35.6222747
            ],
            [
              139.2499884,
              35.6222799
            ],
            [
              139.2501973,
              35.6223167
            ],
            [
              139.2503318,
              35.6223603
            ],
            [
              139.2503785,
              35.6223921
            ],
            [
              139.2505663,
              35.6224722
            ],
            [
              139.2506718,
              35.6224981
            ],
            [
              139.2507399,
              35.6225255
            ],
            [
              139.2508049,
              35.6225618
            ],
            [
              139.2508631,
              35.6226092
            ],
            [
              139.2509452,
              35.6227294
            ]
          ],
          [
            [
              139.2483527,
              35.6229014
            ],
            [
              139.248392,
              35.6229418
            ]
          ],
          [
            [
              139.2469753,
              35.6226822
            ],
            [
              139.247009,
              35.622582
            ],
            [
              139.2470102,
              35.622482
            ],
            [
              139.2470357,
              35.6223996
            ],
            [
              139.2470976,
              35.6223793
            ],
            [
              139.2471555,
              35.6223777
            ],
            [
              139.2472293,
              35.622408
            ],
            [
              139.2473747,
              35.6224254
            ],
            [
              139.2474538,
              35.6224178
            ],
            [
              139.2475286,
              35.6224195
            ],
            [
              139.2476131,
              35.6224219
            ],
            [
              139.2476984,
              35.6224436
            ],
            [
              139.2478108,
              35.6224825
            ],
            [
              139.2478887,
              35.6224944
            ],
            [
              139.2479488,
              35.622498
            ],
            [
              139.2480246,
              35.6225055
            ],
            [
              139.2480799,
              35.622506
            ],
            [
              139.2481448,
              35.622516
            ],
            [
              139.2482214,
              35.6225372
            ],
            [
              139.2482901,
              35.6225457
            ],
            [
              139.2483576,
              35.6225553
            ],
            [
              139.2483984,
              35.622567
            ],
            [
              139.2484229,
              35.6225914
            ],
            [
              139.2484537,
              35.622636
            ],
            [
              139.2484401,
              35.6227042
            ],
            [
              139.2484358,
              35.6227662
            ],
            [
              139.2484181,
              35.6228113
            ],
            [
              139.2483703,
              35.6228678
            ],
            [
              139.2483527,
              35.6229014
            ]
          ],
          [
            [
              139.2469278,
              35.6226693
            ],
            [
              139.2469753,
              35.6226822
            ]
          ],
          [
            [
              139.2462245,
              35.622227
            ],
            [
              139.2463374,
              35.6222129
            ],
            [
              139.2463946,
              35.6221996
            ],
            [
              139.2464825,
              35.6222164
            ],
            [
              139.2465647,
              35.6222557
            ],
            [
              139.2466275,
              35.6222851
            ],
            [
              139.2467522,
              35.6223303
            ],
            [
              139.2468124,
              35.6223882
            ],
            [
              139.2468497,
              35.6224673
            ],
            [
              139.2468992,
              35.6225531
            ],
            [
              139.2469213,
              35.6225942
            ],
            [
              139.2469278,
              35.6226693
            ]
          ],
          [
            [
              139.2461128,
              35.622244
            ],
            [
              139.2462245,
              35.622227
            ]
          ],
          [
            [
              139.2461746,
              35.6225837
            ],
            [
              139.2461044,
              35.6225674
            ],
            [
              139.2460168,
              35.6225521
            ],
            [
              139.2458851,
              35.6225363
            ],
            [
              139.2457823,
              35.6225288
            ],
            [
              139.2456487,
              35.6225316
            ],
            [
              139.2455344,
              35.6225479
            ],
            [
              139.2453884,
              35.6226405
            ],
            [
              139.2452968,
              35.6227166
            ],
            [
              139.2451896,
              35.6227991
            ],
            [
              139.2451083,
              35.6228523
            ],
            [
              139.2450478,
              35.6228993
            ],
            [
              139.2449637,
              35.6229694
            ],
            [
              139.2449362,
              35.622946
            ],
            [
              139.2449333,
              35.6229128
            ],
            [
              139.2449545,
              35.6228784
            ],
            [
              139.2449988,
              35.6228216
            ],
            [
              139.2450689,
              35.6227324
            ],
            [
              139.245125,
              35.6226631
            ],
            [
              139.2451887,
              35.6226043
            ],
            [
              139.2452663,
              35.6225323
            ],
            [
              139.245293,
              35.6225148
            ],
            [
              139.2453284,
              35.6225057
            ],
            [
              139.245363,
              35.6224713
            ],
            [
              139.2454288,
              35.6224147
            ],
            [
              139.2455211,
              35.6223679
            ],
            [
              139.2456193,
              35.6223285
            ],
            [
              139.2456837,
              35.6223307
            ],
            [
              139.2459524,
              35.6222827
            ],
            [
              139.2461128,
              35.622244
            ]
          ],
          [
            [
              139.2449485,
              35.6238862
            ],
            [
              139.2450067,
              35.623768
            ],
            [
              139.245059,
              35.6236921
            ],
            [
              139.245188,
              35.6236151
            ],
            [
              139.2452256,
              35.6235352
            ],
            [
              139.2452769,
              35.6234417
            ],
            [
              139.2453215,
              35.6233444
            ],
            [
              139.2453578,
              35.6232091
            ],
            [
              139.2454536,
              35.6231552
            ],
            [
              139.2455779,
              35.6230566
            ],
            [
              139.2456431,
              35.6229751
            ],
            [
              139.2457218,
              35.6229198
            ],
            [
              139.2458279,
              35.6228727
            ],
            [
              139.2458992,
              35.6228279
            ],
            [
              139.2459124,
              35.6228076
            ],
            [
              139.246045,
              35.622707
            ],
            [
              139.2461248,
              35.6226524
            ],
            [
              139.2461746,
              35.6225837
            ]
          ],
          [
            [
              139.2445693,
              35.6242643
            ],
            [
              139.2446038,
              35.6242425
            ],
            [
              139.2446932,
              35.6241536
            ],
            [
              139.2448051,
              35.6240686
            ],
            [
              139.2448845,
              35.6240165
            ],
            [
              139.244916,
              35.6239337
            ],
            [
              139.2449485,
              35.6238862
            ]
          ]
        ]
      }
    },
    {
      "type": "Feature",
      "properties": {
        "route_id": "inariyama",
        "name": "稲荷山コース",
        "color": "#00C8FF",
        "osm_id": 7165825
      },
      "geometry": {
        "type": "LineString",
        "coordinates": [
          [
            139.267007,
            35.630955
          ],
          [
            139.267023,
            35.630921
          ],
          [
            139.266961,
            35.630875
          ],
          [
            139.26688,
            35.63081
          ],
          [
            139.266888,
            35.630768
          ],
          [
            139.266922,
            35.630755
          ],
          [
            139.267031,
            35.63079
          ],
          [
            139.26725,
            35.630819
          ],
          [
            139.26747,
            35.630849
          ],
          [
            139.267551,
            35.630859
          ],
          [
            139.267637,
            35.630839
          ],
          [
            139.267679,
            35.630817
          ],
          [
            139.267699,
            35.630774
          ],
          [
            139.267674,
            35.630682
          ],
          [
            139.267626,
            35.630593
          ],
          [
            139.267574,
            35.630529
          ],
          [
            139.267476,
            35.630448
          ],
          [
            139.267411,
            35.630372
          ],
          [
            139.267358,
            35.630338
          ],
          [
            139.267352,
            35.630312
          ],
          [
            139.267417,
            35.630221
          ],
          [
            139.26746,
            35.630099
          ],
          [
            139.267433,
            35.629978
          ],
          [
            139.26741,
            35.629788
          ],
          [
            139.267424,
            35.629679
          ],
          [
            139.267463,
            35.629557
          ],
          [
            139.26739,
            35.629478
          ],
          [
            139.267309,
            35.629327
          ],
          [
            139.267121,
            35.629336
          ],
          [
            139.267018,
            35.629397
          ],
          [
            139.266874,
            35.629397
          ],
          [
            139.266738,
            35.629354
          ],
          [
            139.266567,
            35.6293
          ],
          [
            139.266414,
            35.629217
          ],
          [
            139.266196,
            35.629088
          ],
          [
            139.266121,
            35.629023
          ],
          [
            139.265977,
            35.62899
          ],
          [
            139.265896,
            35.629019
          ],
          [
            139.265658,
            35.628962
          ],
          [
            139.26544,
            35.629009
          ],
          [
            139.265288,
            35.629002
          ],
          [
            139.265232,
            35.628983
          ],
          [
            139.265152,
            35.628977
          ],
          [
            139.265051,
            35.628993
          ],
          [
            139.264783,
            35.62899
          ],
          [
            139.264598,
            35.628975
          ],
          [
            139.264452,
            35.629018
          ],
          [
            139.264307,
            35.629061
          ],
          [
            139.264163,
            35.629093
          ],
          [
            139.264019,
            35.629124
          ],
          [
            139.263871,
            35.629151
          ],
          [
            139.263724,
            35.629177
          ],
          [
            139.263574,
            35.629167
          ],
          [
            139.263424,
            35.629156
          ],
          [
            139.263242,
            35.629117
          ],
          [
            139.263021,
            35.629063
          ],
          [
            139.262857,
            35.629016
          ],
          [
            139.262718,
            35.628897
          ],
          [
            139.262607,
            35.62873
          ],
          [
            139.262495,
            35.628562
          ],
          [
            139.262453,
            35.628456
          ],
          [
            139.262345,
            35.628335
          ],
          [
            139.262237,
            35.628215
          ],
          [
            139.262124,
            35.62813
          ],
          [
            139.262011,
            35.628046
          ],
          [
            139.261874,
            35.627963
          ],
          [
            139.261724,
            35.627876
          ],
          [
            139.261627,
            35.627814
          ],
          [
            139.261524,
            35.627751
          ],
          [
            139.261363,
            35.627651
          ],
          [
            139.261205,
            35.627587
          ],
          [
            139.261046,
            35.627522
          ],
          [
            139.260888,
            35.627439
          ],
          [
            139.260746,
            35.627358
          ],
          [
            139.260605,
            35.627277
          ],
          [
            139.260459,
            35.62724
          ],
          [
            139.260323,
            35.627225
          ],
          [
            139.260199,
            35.627274
          ],
          [
            139.260094,
            35.627337
          ],
          [
            139.259927,
            35.627374
          ],
          [
            139.259804,
            35.627391
          ],
          [
            139.259653,
            35.62742
          ],
          [
            139.259476,
            35.627442
          ],
          [
            139.259338,
            35.627484
          ],
          [
            139.2592,
            35.627526
          ],
          [
            139.259041,
            35.62752
          ],
          [
            139.258882,
            35.627513
          ],
          [
            139.258675,
            35.627502
          ],
          [
            139.258469,
            35.62749
          ],
          [
            139.258311,
            35.627439
          ],
          [
            139.258153,
            35.627389
          ],
          [
            139.258022,
            35.627335
          ],
          [
            139.25789,
            35.627281
          ],
          [
            139.257673,
            35.627184
          ],
          [
            139.257522,
            35.627079
          ],
          [
            139.257453,
            35.626981
          ],
          [
            139.257432,
            35.626857
          ],
          [
            139.257436,
            35.626795
          ],
          [
            139.257447,
            35.626604
          ],
          [
            139.257454,
            35.626442
          ],
          [
            139.257432,
            35.626412
          ],
          [
            139.257224,
            35.626293
          ],
          [
            139.257207,
            35.626252
          ],
          [
            139.257193,
            35.626221
          ],
          [
            139.257179,
            35.626205
          ],
          [
            139.257128,
            35.626118
          ],
          [
            139.257086,
            35.625943
          ],
          [
            139.257081,
            35.62593
          ],
          [
            139.257092,
            35.625878
          ],
          [
            139.256917,
            35.625838
          ],
          [
            139.256741,
            35.625805
          ],
          [
            139.256701,
            35.625805
          ],
          [
            139.256623,
            35.62579
          ],
          [
            139.256565,
            35.625789
          ],
          [
            139.256368,
            35.625799
          ],
          [
            139.256171,
            35.625809
          ],
          [
            139.255974,
            35.62582
          ],
          [
            139.255729,
            35.625812
          ],
          [
            139.255562,
            35.625738
          ],
          [
            139.255396,
            35.625664
          ],
          [
            139.25523,
            35.625591
          ],
          [
            139.255109,
            35.625519
          ],
          [
            139.254987,
            35.625447
          ],
          [
            139.254835,
            35.625326
          ],
          [
            139.254682,
            35.625205
          ],
          [
            139.254547,
            35.625103
          ],
          [
            139.254412,
            35.625001
          ],
          [
            139.254343,
            35.624904
          ],
          [
            139.254191,
            35.624826
          ],
          [
            139.25404,
            35.624748
          ],
          [
            139.253856,
            35.624678
          ],
          [
            139.253759,
            35.624594
          ],
          [
            139.253661,
            35.62451
          ],
          [
            139.253529,
            35.624386
          ],
          [
            139.253398,
            35.624261
          ],
          [
            139.253319,
            35.624164
          ],
          [
            139.253239,
            35.624109
          ],
          [
            139.253188,
            35.624011
          ],
          [
            139.253137,
            35.62394
          ],
          [
            139.253063,
            35.623889
          ],
          [
            139.25296,
            35.623731
          ],
          [
            139.252856,
            35.623573
          ],
          [
            139.252767,
            35.623449
          ],
          [
            139.252723,
            35.623324
          ],
          [
            139.252678,
            35.623198
          ],
          [
            139.252607,
            35.623049
          ],
          [
            139.252535,
            35.6229
          ],
          [
            139.252479,
            35.62269
          ],
          [
            139.252348,
            35.622547
          ],
          [
            139.252217,
            35.622403
          ],
          [
            139.252042,
            35.622316
          ],
          [
            139.251868,
            35.622229
          ],
          [
            139.251764,
            35.622135
          ],
          [
            139.25166,
            35.622041
          ],
          [
            139.251476,
            35.621938
          ],
          [
            139.251248,
            35.621855
          ],
          [
            139.25102,
            35.621772
          ],
          [
            139.250793,
            35.621689
          ],
          [
            139.250565,
            35.621606
          ],
          [
            139.250527,
            35.621592
          ],
          [
            139.250345,
            35.621466
          ],
          [
            139.250103,
            35.621461
          ],
          [
            139.249933,
            35.621437
          ],
          [
            139.249687,
            35.621375
          ],
          [
            139.249507,
            35.621327
          ],
          [
            139.249328,
            35.621278
          ],
          [
            139.249235,
            35.621265
          ],
          [
            139.249142,
            35.621253
          ],
          [
            139.24898,
            35.621231
          ],
          [
            139.248906,
            35.621244
          ],
          [
            139.248692,
            35.621281
          ],
          [
            139.248479,
            35.621319
          ],
          [
            139.248352,
            35.621358
          ],
          [
            139.248185,
            35.621409
          ],
          [
            139.247936,
            35.621461
          ],
          [
            139.247687,
            35.621512
          ],
          [
            139.247505,
            35.621617
          ],
          [
            139.247423,
            35.621666
          ],
          [
            139.247282,
            35.621737
          ],
          [
            139.247152,
            35.621812
          ],
          [
            139.247022,
            35.621886
          ],
          [
            139.246933,
            35.621874
          ],
          [
            139.246865,
            35.621863
          ],
          [
            139.246796,
            35.621869
          ],
          [
            139.246685,
            35.621859
          ],
          [
            139.246569,
            35.62184
          ],
          [
            139.246367,
            35.621821
          ],
          [
            139.246165,
            35.621802
          ],
          [
            139.245908,
            35.621726
          ],
          [
            139.245769,
            35.621687
          ],
          [
            139.245586,
            35.621749
          ],
          [
            139.245402,
            35.621811
          ],
          [
            139.245218,
            35.621873
          ],
          [
            139.245048,
            35.621936
          ],
          [
            139.244894,
            35.621949
          ],
          [
            139.244732,
            35.621919
          ],
          [
            139.244549,
            35.621864
          ],
          [
            139.244389,
            35.621891
          ],
          [
            139.244229,
            35.621918
          ],
          [
            139.244096,
            35.621877
          ],
          [
            139.243996,
            35.621833
          ],
          [
            139.243922,
            35.621992
          ],
          [
            139.243848,
            35.62215
          ],
          [
            139.243765,
            35.622241
          ],
          [
            139.243683,
            35.622331
          ],
          [
            139.243618,
            35.622516
          ],
          [
            139.243547,
            35.62256
          ],
          [
            139.243436,
            35.622605
          ],
          [
            139.243319,
            35.622705
          ],
          [
            139.243401,
            35.622823
          ],
          [
            139.243564,
            35.62291
          ],
          [
            139.243649,
            35.623013
          ],
          [
            139.243666,
            35.623151
          ],
          [
            139.243643,
            35.623241
          ],
          [
            139.243667,
            35.623305
          ],
          [
            139.243619,
            35.623482
          ],
          [
            139.243638,
            35.623565
          ],
          [
            139.243668,
            35.623728
          ],
          [
            139.243676,
            35.623897
          ],
          [
            139.24363,
            35.624045
          ],
          [
            139.243583,
            35.624193
          ],
          [
            139.243449,
            35.624345
          ],
          [
            139.243358,
            35.624502
          ],
          [
            139.243345,
            35.624525
          ],
          [
            139.243294,
            35.624598
          ],
          [
            139.24328,
            35.624606
          ],
          [
            139.243198,
            35.624654
          ],
          [
            139.243321,
            35.624798
          ],
          [
            139.243443,
            35.624941
          ],
          [
            139.243566,
            35.625084
          ],
          [
            139.243688,
            35.625227
          ]
        ]
      }
    }
  ]
}